filename	vowel	start	end	duration
FR-participant1_cette_FR2551	"cette"	0.0 	0.470062 	0.470062
FR-participant1_cette_FR2551	"s"	0.0 	0.24 	0.24
FR-participant1_cette_FR2551	"ɛ"	0.24 	0.35 	0.11
FR-participant1_cette_FR2551	"t"	0.35 	0.470062 	0.120062
FR-participant1_ete_FR2549	"ete"	0.0 	0.23 	0.23
FR-participant1_ete_FR2549	""	0.23 	0.470062 	0.240062
FR-participant1_ete_FR2549	"e"	0.0 	0.11 	0.11
FR-participant1_ete_FR2549	"t"	0.11 	0.23 	0.12
FR-participant1_ete_FR2549	"e"	0.29	0.45	0.16
FR-participant1_ete_FR2549	""	0.23 	0.470062 	0.240062
FR-participant1_femme_FR2558	"femme"	0.0 	0.31 	0.31
FR-participant1_femme_FR2558	""	0.31 	0.341375 	0.031375
FR-participant1_femme_FR2558	"f"	0.0 	0.12 	0.12
FR-participant1_femme_FR2558	"a"	0.12 	0.26 	0.14
FR-participant1_femme_FR2558	"m"	0.26 	0.31 	0.05
FR-participant1_femme_FR2558	""	0.31 	0.341375 	0.031375
FR-participant1_impair_FR2565	""	0.0 	0.03 	0.03
FR-participant1_impair_FR2565	"impair"	0.03 	0.45 	0.42
FR-participant1_impair_FR2565	""	0.45 	0.48 	0.03
FR-participant1_impair_FR2565	""	0.0 	0.03 	0.03
FR-participant1_impair_FR2565	"ɛ̃"	0.03 	0.15 	0.12
FR-participant1_impair_FR2565	"p"	0.15 	0.27 	0.12
FR-participant1_impair_FR2565	"ɛ"	0.27 	0.37 	0.1
FR-participant1_impair_FR2565	"ʁ"	0.37 	0.45 	0.08
FR-participant1_impair_FR2565	""	0.45 	0.48 	0.03
FR-participant1_journee_FR2550	""	0.0 	0.16 	0.16
FR-participant1_journee_FR2550	"journee"	0.16 	0.55 	0.39
FR-participant1_journee_FR2550	""	0.55 	0.58 	0.03
FR-participant1_journee_FR2550	""	0.0 	0.16 	0.16
FR-participant1_journee_FR2550	"ʒ"	0.16 	0.2 	0.04
FR-participant1_journee_FR2550	"u"	0.2 	0.27 	0.07
FR-participant1_journee_FR2550	"ʁ"	0.27 	0.34 	0.07
FR-participant1_journee_FR2550	"ɲ"	0.34 	0.43 	0.09
FR-participant1_journee_FR2550	"e"	0.43 	0.55 	0.12
FR-participant1_journee_FR2550	""	0.55 	0.58 	0.03
FR-participant1_meunier_FR2553	""	0.0 	0.03 	0.03
FR-participant1_meunier_FR2553	"meunier"	0.03 	0.62 	0.59
FR-participant1_meunier_FR2553	""	0.0 	0.03 	0.03
FR-participant1_meunier_FR2553	"m"	0.03 	0.22 	0.19
FR-participant1_meunier_FR2553	"ø"	0.22 	0.3 	0.08
FR-participant1_meunier_FR2553	"n"	0.3 	0.39 	0.09
FR-participant1_meunier_FR2553	"j"	0.39 	0.54 	0.15
FR-participant1_meunier_FR2553	"e"	0.54 	0.62 	0.08
FR-participant1_parfum_FR2567	""	0.0 	0.11 	0.11
FR-participant1_parfum_FR2567	"parfum"	0.11 	0.56 	0.45
FR-participant1_parfum_FR2567	""	0.0 	0.11 	0.11
FR-participant1_parfum_FR2567	"p"	0.11 	0.15 	0.04
FR-participant1_parfum_FR2567	"a"	0.15 	0.21 	0.06
FR-participant1_parfum_FR2567	"ʁ"	0.21 	0.32 	0.11
FR-participant1_parfum_FR2567	"f"	0.32 	0.49 	0.17
FR-participant1_parfum_FR2567	"ɛ̃"	0.49 	0.56 	0.07
FR-participant1_peau_FR2562	""	0.0 	0.14 	0.14
FR-participant1_peau_FR2562	"peau"	0.14 	0.390062 	0.250062
FR-participant1_peau_FR2562	""	0.0 	0.14 	0.14
FR-participant1_peau_FR2562	"p"	0.14 	0.24 	0.1
FR-participant1_peau_FR2562	"o"	0.24 	0.390062 	0.150062
FR-participant1_porte_FR2563	""	0.0 	0.13 	0.13
FR-participant1_porte_FR2563	"porte"	0.13 	0.490063 	0.360063
FR-participant1_porte_FR2563	""	0.0 	0.13 	0.13
FR-participant1_porte_FR2563	"p"	0.13 	0.18 	0.05
FR-participant1_porte_FR2563	"ɔ"	0.18 	0.25 	0.07
FR-participant1_porte_FR2563	"ʁ"	0.25 	0.4 	0.15
FR-participant1_porte_FR2563	"t"	0.4 	0.490063 	0.090063
FR-participant1_queue_FR2554	"queue"	0.0 	0.29 	0.29
FR-participant1_queue_FR2554	""	0.29 	0.32 	0.03
FR-participant1_queue_FR2554	"k"	0.0 	0.11 	0.11
FR-participant1_queue_FR2554	"ø"	0.11 	0.29 	0.18
FR-participant1_queue_FR2554	""	0.29 	0.32 	0.03
FR-participant1_rideau_FR2561	"rideau"	0.0 	0.44 	0.44
FR-participant1_rideau_FR2561	"ʁ"	0.0 	0.12 	0.12
FR-participant1_rideau_FR2561	"i"	0.12 	0.2 	0.08
FR-participant1_rideau_FR2561	"d"	0.2 	0.3 	0.1
FR-participant1_rideau_FR2561	"o"	0.3 	0.44 	0.14
FR-participant1_son_FR2439	"son"	0.0 	0.4 	0.4
FR-participant1_son_FR2439	""	0.4 	0.510062 	0.110062
FR-participant1_son_FR2439	"s"	0.0 	0.28 	0.28
FR-participant1_son_FR2439	"ɔ̃"	0.28 	0.4 	0.12
FR-participant1_son_FR2439	""	0.4 	0.510062 	0.110062
FR-participant1_temps_FR2441	""	0.0 	0.14 	0.14
FR-participant1_temps_FR2441	"temps"	0.14 	0.32 	0.18
FR-participant1_temps_FR2441	""	0.32 	0.36 	0.04
FR-participant1_temps_FR2441	""	0.0 	0.14 	0.14
FR-participant1_temps_FR2441	"t"	0.14 	0.21 	0.07
FR-participant1_temps_FR2441	"ɑ̃"	0.21 	0.32 	0.11
FR-participant1_temps_FR2441	""	0.32 	0.36 	0.04
FR-participant1_tique_FR2546	""	0.0 	0.08 	0.08
FR-participant1_tique_FR2546	"tique"	0.08 	0.27 	0.19
FR-participant1_tique_FR2546	""	0.27 	0.36 	0.09
FR-participant1_tique_FR2546	""	0.0 	0.08 	0.08
FR-participant1_tique_FR2546	"t"	0.08 	0.11 	0.03
FR-participant1_tique_FR2546	"i"	0.11 	0.23 	0.12
FR-participant1_tique_FR2546	"k"	0.23 	0.27 	0.04
FR-participant1_tique_FR2546	""	0.27 	0.36 	0.09
FR-participant1_tutu_FR2548	"tutu"	0.0 	0.47 	0.47
FR-participant1_tutu_FR2548	""	0.47 	0.5 	0.03
FR-participant1_tutu_FR2548	"t"	0.0 	0.1 	0.1
FR-participant1_tutu_FR2548	"y"	0.1 	0.19 	0.09
FR-participant1_tutu_FR2548	"t"	0.19 	0.36 	0.17
FR-participant1_tutu_FR2548	"y"	0.36 	0.47 	0.11
FR-participant1_tutu_FR2548	""	0.47 	0.5 	0.03
FR-participant1_un_FR2437	""	0.0 	0.03 	0.03
FR-participant1_un_FR2437	"un"	0.03 	0.18 	0.15
FR-participant1_un_FR2437	""	0.18 	0.210063 	0.030063
FR-participant1_un_FR2437	""	0.0 	0.03 	0.03
FR-participant1_un_FR2437	"ɛ̃"	0.03 	0.18 	0.15
FR-participant1_un_FR2437	""	0.18 	0.210063 	0.030063
FR-participant1_veuve_FR2555	""	0.0 	0.13 	0.13
FR-participant1_veuve_FR2555	"veuve"	0.13 	0.5 	0.37
FR-participant1_veuve_FR2555	""	0.5 	0.530062 	0.030062
FR-participant1_veuve_FR2555	""	0.0 	0.13 	0.13
FR-participant1_veuve_FR2555	"v"	0.13 	0.18 	0.05
FR-participant1_veuve_FR2555	"œ"	0.18 	0.33 	0.15
FR-participant1_veuve_FR2555	"v"	0.33 	0.5 	0.17
FR-participant1_veuve_FR2555	""	0.5 	0.530062 	0.030062
FR-participant1_vin_FR2566	""	0.0 	0.16 	0.16
FR-participant1_vin_FR2566	"vin"	0.16 	0.35 	0.19
FR-participant1_vin_FR2566	""	0.35 	0.38 	0.03
FR-participant1_vin_FR2566	""	0.0 	0.16 	0.16
FR-participant1_vin_FR2566	"v"	0.16 	0.2 	0.04
FR-participant1_vin_FR2566	"ɛ̃"	0.2 	0.35 	0.15
FR-participant1_vin_FR2566	""	0.35 	0.38 	0.03
FR-participant2_cette_FR948	""	0.0 	0.03 	0.03
FR-participant2_cette_FR948	"cette"	0.03 	0.42 	0.39
FR-participant2_cette_FR948	""	0.0 	0.03 	0.03
FR-participant2_cette_FR948	"s"	0.03 	0.19 	0.16
FR-participant2_cette_FR948	"ɛ"	0.19 	0.26 	0.07
FR-participant2_cette_FR948	"t"	0.26 	0.42 	0.16
FR-participant2_ete_FR946	"ete"	0.0 	0.12 	0.12
FR-participant2_ete_FR946	""	0.12 	0.270062 	0.150062
FR-participant2_ete_FR946	"e"	0.0 	0.08 	0.08
FR-participant2_ete_FR946	"t"	0.08 	0.12 	0.04
FR-participant2_ete_FR946	"e"	0.20	0.26	0.06
FR-participant2_ete_FR946	""	0.12 	0.270062 	0.150062
FR-participant2_faite_FR949	"faite"	0.0 	0.33 	0.33
FR-participant2_faite_FR949	""	0.33 	0.370063 	0.040063
FR-participant2_faite_FR949	"f"	0.0 	0.15 	0.15
FR-participant2_faite_FR949	"ɛ"	0.15 	0.23 	0.08
FR-participant2_faite_FR949	"t"	0.23 	0.33 	0.1
FR-participant2_faite_FR949	""	0.33 	0.370063 	0.040063
FR-participant2_femme_FR955	"femme"	0.0 	0.37 	0.37
FR-participant2_femme_FR955	""	0.37 	0.4 	0.03
FR-participant2_femme_FR955	"f"	0.0 	0.16 	0.16
FR-participant2_femme_FR955	"a"	0.16 	0.25 	0.09
FR-participant2_femme_FR955	"m"	0.25 	0.37 	0.12
FR-participant2_femme_FR955	""	0.37 	0.4 	0.03
FR-participant2_fils_FR944	"fils"	0.0 	0.27 	0.27
FR-participant2_fils_FR944	""	0.27 	0.3 	0.03
FR-participant2_fils_FR944	"f"	0.0 	0.15 	0.15
FR-participant2_fils_FR944	"i"	0.15 	0.21 	0.06
FR-participant2_fils_FR944	"s"	0.21 	0.27 	0.06
FR-participant2_fils_FR944	""	0.27 	0.3 	0.03
FR-participant2_impair_FR962	""	0.0 	0.07 	0.07
FR-participant2_impair_FR962	"impair"	0.07 	0.42 	0.35
FR-participant2_impair_FR962	""	0.42 	0.447688 	0.027688
FR-participant2_impair_FR962	""	0.0 	0.07 	0.07
FR-participant2_impair_FR962	"ɛ̃"	0.07 	0.19 	0.12
FR-participant2_impair_FR962	"p"	0.19 	0.28 	0.09
FR-participant2_impair_FR962	"ɛ"	0.28 	0.39 	0.11
FR-participant2_impair_FR962	"ʁ"	0.39 	0.42 	0.03
FR-participant2_impair_FR962	""	0.42 	0.447688 	0.027688
FR-participant2_journee_FR947	"journee"	0.0 	0.41 	0.41
FR-participant2_journee_FR947	""	0.41 	0.44 	0.03
FR-participant2_journee_FR947	"ʒ"	0.0 	0.15 	0.15
FR-participant2_journee_FR947	"u"	0.15 	0.23 	0.08
FR-participant2_journee_FR947	"ʁ"	0.23 	0.28 	0.05
FR-participant2_journee_FR947	"ɲ"	0.28 	0.36 	0.08
FR-participant2_journee_FR947	"e"	0.36 	0.41 	0.05
FR-participant2_journee_FR947	""	0.41 	0.44 	0.03
FR-participant2_mechant_FR770	"mechant"	0.0 	0.44 	0.44
FR-participant2_mechant_FR770	""	0.44 	0.470062 	0.030062
FR-participant2_mechant_FR770	"e"	0.14	0.21 	0.07
FR-participant2_mechant_FR770	"ɑ̃"	0.34	0.43	0.09
FR-participant2_mechant_FR770	""	0.44 	0.470062 	0.030062
FR-participant2_meunier_FR950	"meunier"	0.0 	0.42 	0.42
FR-participant2_meunier_FR950	""	0.42 	0.450062 	0.030062
FR-participant2_meunier_FR950	"m"	0.0 	0.16 	0.16
FR-participant2_meunier_FR950	"ø"	0.16 	0.19 	0.03
FR-participant2_meunier_FR950	"n"	0.19 	0.26 	0.07
FR-participant2_meunier_FR950	"j"	0.26 	0.36 	0.1
FR-participant2_meunier_FR950	"e"	0.36 	0.42 	0.06
FR-participant2_meunier_FR950	""	0.42 	0.450062 	0.030062
FR-participant2_papa_FR954	""	0.0 	0.04 	0.04
FR-participant2_papa_FR954	"papa"	0.04 	0.32 	0.28
FR-participant2_papa_FR954	""	0.32 	0.36 	0.04
FR-participant2_papa_FR954	""	0.0 	0.04 	0.04
FR-participant2_papa_FR954	"p"	0.04 	0.08 	0.04
FR-participant2_papa_FR954	"a"	0.08 	0.15 	0.07
FR-participant2_papa_FR954	"p"	0.15 	0.26 	0.11
FR-participant2_papa_FR954	"a"	0.26 	0.32 	0.06
FR-participant2_papa_FR954	""	0.32 	0.36 	0.04
FR-participant2_pardon_FR768	""	0.0 	0.1 	0.1
FR-participant2_pardon_FR768	"pardon"	0.1 	0.48 	0.38
FR-participant2_pardon_FR768	""	0.48 	0.530062 	0.050062
FR-participant2_pardon_FR768	""	0.0 	0.1 	0.1
FR-participant2_pardon_FR768	"p"	0.1 	0.14 	0.04
FR-participant2_pardon_FR768	"a"	0.14 	0.2 	0.06
FR-participant2_pardon_FR768	"ʁ"	0.2 	0.27 	0.07
FR-participant2_pardon_FR768	"d"	0.27 	0.34 	0.07
FR-participant2_pardon_FR768	"ɔ̃"	0.34 	0.48 	0.14
FR-participant2_pardon_FR768	""	0.48 	0.530062 	0.050062
FR-participant2_parfum_FR964	""	0.0 	0.07 	0.07
FR-participant2_parfum_FR964	"parfum"	0.07 	0.43 	0.36
FR-participant2_parfum_FR964	""	0.43 	0.46 	0.03
FR-participant2_parfum_FR964	""	0.0 	0.07 	0.07
FR-participant2_parfum_FR964	"p"	0.07 	0.12 	0.05
FR-participant2_parfum_FR964	"a"	0.12 	0.16 	0.04
FR-participant2_parfum_FR964	"ʁ"	0.16 	0.26 	0.1
FR-participant2_parfum_FR964	"f"	0.26 	0.35 	0.09
FR-participant2_parfum_FR964	"ɛ̃"	0.35 	0.43 	0.08
FR-participant2_parfum_FR964	""	0.43 	0.46 	0.03
FR-participant2_porte_FR960	""	0.0 	0.14 	0.14
FR-participant2_porte_FR960	"porte"	0.14 	0.48 	0.34
FR-participant2_porte_FR960	""	0.0 	0.14 	0.14
FR-participant2_porte_FR960	"p"	0.14 	0.19 	0.05
FR-participant2_porte_FR960	"ɔ"	0.19 	0.25 	0.06
FR-participant2_porte_FR960	"ʁ"	0.25 	0.35 	0.1
FR-participant2_porte_FR960	"t"	0.35 	0.48 	0.13
FR-participant2_queue_FR951	""	0.0 	0.08 	0.08
FR-participant2_queue_FR951	"queue"	0.08 	0.24 	0.16
FR-participant2_queue_FR951	""	0.24 	0.270062 	0.030062
FR-participant2_queue_FR951	""	0.0 	0.08 	0.08
FR-participant2_queue_FR951	"k"	0.08 	0.15 	0.07
FR-participant2_queue_FR951	"ø"	0.15 	0.24 	0.09
FR-participant2_queue_FR951	""	0.24 	0.270062 	0.030062
FR-participant2_rideau_FR958	"rideau"	0.0 	0.45 	0.45
FR-participant2_rideau_FR958	""	0.45 	0.48 	0.03
FR-participant2_rideau_FR958	"ʁ"	0.0 	0.18 	0.18
FR-participant2_rideau_FR958	"i"	0.18 	0.27 	0.09
FR-participant2_rideau_FR958	"d"	0.27 	0.34 	0.07
FR-participant2_rideau_FR958	"o"	0.34 	0.45 	0.11
FR-participant2_rideau_FR958	""	0.45 	0.48 	0.03
FR-participant2_roule_FR957	"roule"	0.0 	0.311312 	0.311312
FR-participant2_roule_FR957	"ʁ"	0.0 	0.05 	0.05
FR-participant2_roule_FR957	"u"	0.05 	0.17 	0.12
FR-participant2_roule_FR957	"l"	0.17 	0.311312 	0.141312
FR-participant2_soeur_FR953	"soeur"	0.0 	0.44 	0.44
FR-participant2_soeur_FR953	""	0.44 	0.470062 	0.030062
FR-participant2_soeur_FR953	"s"	0.0 	0.17 	0.17
FR-participant2_soeur_FR953	"œ"	0.17 	0.36 	0.19
FR-participant2_soeur_FR953	"ʁ"	0.36 	0.44 	0.08
FR-participant2_soeur_FR953	""	0.44 	0.470062 	0.030062
FR-participant2_son_FR769	"son"	0.0 	0.36 	0.36
FR-participant2_son_FR769	""	0.36 	0.390062 	0.030062
FR-participant2_son_FR769	"s"	0.0 	0.18 	0.18
FR-participant2_son_FR769	"ɔ̃"	0.18 	0.36 	0.18
FR-participant2_son_FR769	""	0.36 	0.390062 	0.030062
FR-participant2_sort_FR961	"sort"	0.0 	0.3 	0.3
FR-participant2_sort_FR961	""	0.3 	0.332125 	0.032125
FR-participant2_sort_FR961	"s"	0.0 	0.09 	0.09
FR-participant2_sort_FR961	"ɔ"	0.09 	0.2 	0.11
FR-participant2_sort_FR961	"ʁ"	0.2 	0.3 	0.1
FR-participant2_sort_FR961	""	0.3 	0.332125 	0.032125
FR-participant2_temps_FR771	""	0.0 	0.16 	0.16
FR-participant2_temps_FR771	"temps"	0.16 	0.37 	0.21
FR-participant2_temps_FR771	""	0.37 	0.4 	0.03
FR-participant2_temps_FR771	""	0.0 	0.16 	0.16
FR-participant2_temps_FR771	"t"	0.16 	0.22 	0.06
FR-participant2_temps_FR771	"ɑ̃"	0.22 	0.37 	0.15
FR-participant2_temps_FR771	""	0.37 	0.4 	0.03
FR-participant2_tique_FR943	""	0.0 	0.11 	0.11
FR-participant2_tique_FR943	"tique"	0.11 	0.32 	0.21
FR-participant2_tique_FR943	""	0.32 	0.350062 	0.030062
FR-participant2_tique_FR943	""	0.0 	0.11 	0.11
FR-participant2_tique_FR943	"t"	0.11 	0.17 	0.06
FR-participant2_tique_FR943	"i"	0.17 	0.25 	0.08
FR-participant2_tique_FR943	"k"	0.25 	0.32 	0.07
FR-participant2_tique_FR943	""	0.32 	0.350062 	0.030062
FR-participant2_toujours_FR956	""	0.0 	0.08 	0.08
FR-participant2_toujours_FR956	"toujours"	0.08 	0.5 	0.42
FR-participant2_toujours_FR956	""	0.0 	0.08 	0.08
FR-participant2_toujours_FR956	"t"	0.08 	0.18 	0.1
FR-participant2_toujours_FR956	"u"	0.18 	0.22 	0.04
FR-participant2_toujours_FR956	"ʒ"	0.22 	0.32 	0.1
FR-participant2_toujours_FR956	"u"	0.32 	0.42 	0.1
FR-participant2_toujours_FR956	"ʁ"	0.42 	0.5 	0.08
FR-participant2_tutu_FR945	"tutu"	0.0 	0.38 	0.38
FR-participant2_tutu_FR945	""	0.38 	0.410062 	0.030062
FR-participant2_tutu_FR945	"t"	0.0 	0.09 	0.09
FR-participant2_tutu_FR945	"y"	0.09 	0.17 	0.08
FR-participant2_tutu_FR945	"t"	0.17 	0.29 	0.12
FR-participant2_tutu_FR945	"y"	0.29 	0.38 	0.09
FR-participant2_tutu_FR945	""	0.38 	0.410062 	0.030062
FR-participant2_un_FR767	""	0.0 	0.03 	0.03
FR-participant2_un_FR767	"un"	0.03 	0.24 	0.21
FR-participant2_un_FR767	""	0.24 	0.270062 	0.030062
FR-participant2_un_FR767	""	0.0 	0.03 	0.03
FR-participant2_un_FR767	"ɛ̃"	0.03 	0.24 	0.21
FR-participant2_un_FR767	""	0.24 	0.270062 	0.030062
FR-participant2_vin_FR963	"vin"	0.0 	0.33 	0.33
FR-participant2_vin_FR963	""	0.33 	0.36 	0.03
FR-participant2_vin_FR963	"v"	0.0 	0.17 	0.17
FR-participant2_vin_FR963	"ɛ̃"	0.17 	0.33 	0.16
FR-participant2_vin_FR963	""	0.33 	0.36 	0.03
FR-participant3_cachette	""	0.0 	0.1 	0.1
FR-participant3_cachette	"cachette"	0.1 	0.85 	0.75
FR-participant3_cachette	""	0.85 	0.894 	0.044
FR-participant3_cachette	""	0.0 	0.1 	0.1
FR-participant3_cachette	"k"	0.1 	0.15 	0.05
FR-participant3_cachette	"a"	0.15 	0.23 	0.08
FR-participant3_cachette	"ʃ"	0.23 	0.4 	0.17
FR-participant3_cachette	"ɛ"	0.4 	0.5 	0.1
FR-participant3_cachette	"t"	0.5 	0.85 	0.35
FR-participant3_cachette	""	0.85 	0.894 	0.044
FR-participant3_cette_FR1758	"cette"	0.0 	0.515625 	0.515625
FR-participant3_cette_FR1758	"s"	0.0 	0.16 	0.16
FR-participant3_cette_FR1758	"ɛ"	0.16 	0.28 	0.12
FR-participant3_cette_FR1758	"t"	0.28 	0.515625 	0.235625
FR-participant3_des	"des"	0.0 	0.19 	0.19
FR-participant3_des	""	0.19 	0.52 	0.33
FR-participant3_des	"d"	0.0 	0.07 	0.07
FR-participant3_des	"e"	0.07 	0.19 	0.12
FR-participant3_des	""	0.19 	0.52 	0.33
FR-participant3_ete_FR1756	""	0.0 	0.18 	0.18
FR-participant3_ete_FR1756	"ete"	0.18 	0.35 	0.17
FR-participant3_ete_FR1756	""	0.35 	0.46 	0.11
FR-participant3_ete_FR1756	""	0.0 	0.18 	0.18
FR-participant3_ete_FR1756	"e"	0.02 	0.14 	0.12
FR-participant3_ete_FR1756	"t"	0.32 	0.35 	0.03
FR-participant3_ete_FR1756	"e"	0.22	0.37	0.15
FR-participant3_ete_FR1756	""	0.35 	0.46 	0.11
FR-participant3_faite_FR1759	"faite"	0.0 	0.41 	0.41
FR-participant3_faite_FR1759	""	0.41 	0.436688 	0.026688
FR-participant3_faite_FR1759	"f"	0.0 	0.09 	0.09
FR-participant3_faite_FR1759	"ɛ"	0.09 	0.17 	0.08
FR-participant3_faite_FR1759	"t"	0.17 	0.41 	0.24
FR-participant3_faite_FR1759	""	0.41 	0.436688 	0.026688
FR-participant3_femme_FR1765	"femme"	0.0 	0.53 	0.53
FR-participant3_femme_FR1765	""	0.53 	0.56 	0.03
FR-participant3_femme_FR1765	"f"	0.0 	0.2 	0.2
FR-participant3_femme_FR1765	"a"	0.2 	0.29 	0.09
FR-participant3_femme_FR1765	"m"	0.29 	0.53 	0.24
FR-participant3_femme_FR1765	""	0.53 	0.56 	0.03
FR-participant3_fils_FR1754	"fils"	0.0 	0.55 	0.55
FR-participant3_fils_FR1754	""	0.55 	0.58 	0.03
FR-participant3_fils_FR1754	"f"	0.0 	0.17 	0.17
FR-participant3_fils_FR1754	"i"	0.17 	0.25 	0.08
FR-participant3_fils_FR1754	"s"	0.25 	0.55 	0.3
FR-participant3_fils_FR1754	""	0.55 	0.58 	0.03
FR-participant3_fœt	"fœt"	0.0 	0.475062 	0.475062
FR-participant3_fœt	"f"	0.0 	0.11 	0.11
FR-participant3_fœt	"œ"	0.11 	0.18 	0.07
FR-participant3_fœt	"t"	0.18 	0.475062 	0.295062
FR-participant3_impair_FR2081	"impair"	0.0 	0.41 	0.41
FR-participant3_impair_FR2081	""	0.41 	0.54 	0.13
FR-participant3_impair_FR2081	"ɛ̃"	0.0 	0.11 	0.11
FR-participant3_impair_FR2081	"p"	0.11 	0.21 	0.1
FR-participant3_impair_FR2081	"ɛ"	0.21 	0.34 	0.13
FR-participant3_impair_FR2081	"ʁ"	0.34 	0.41 	0.07
FR-participant3_impair_FR2081	""	0.41 	0.54 	0.13
FR-participant3_journee_FR1757	"journee"	0.0 	0.55 	0.55
FR-participant3_journee_FR1757	""	0.55 	0.610062 	0.060062
FR-participant3_journee_FR1757	"ʒ"	0.0 	0.16 	0.16
FR-participant3_journee_FR1757	"u"	0.16 	0.24 	0.08
FR-participant3_journee_FR1757	"ʁ"	0.24 	0.31 	0.07
FR-participant3_journee_FR1757	"ɲ"	0.31 	0.4 	0.09
FR-participant3_journee_FR1757	"e"	0.4 	0.55 	0.15
FR-participant3_journee_FR1757	""	0.55 	0.610062 	0.060062
FR-participant3_lettre	""	0.0 	0.4 	0.4
FR-participant3_lettre	"lettre"	0.4 	0.94 	0.54
FR-participant3_lettre	""	0.94 	1.358375 	0.418375
FR-participant3_lettre	""	0.0 	0.4 	0.4
FR-participant3_lettre	"l"	0.4 	0.51 	0.11
FR-participant3_lettre	"ɛ"	0.51 	0.6 	0.09
FR-participant3_lettre	"t"	0.6 	0.73 	0.13
FR-participant3_lettre	"ʁ"	0.73 	0.94 	0.21
FR-participant3_lettre	""	0.94 	1.358375 	0.418375
FR-participant3_mechant_FR2087	"mechant"	0.0 	0.52 	0.52
FR-participant3_mechant_FR2087	""	0.52 	0.570063 	0.050063
FR-participant3_mechant_FR2087	"e"	0.17 	0.26 	0.19
FR-participant3_mechant_FR2087	"ɑ̃"	0.40	0.55	0.15
FR-participant3_mechant_FR2087	""	0.52 	0.570063 	0.050063
FR-participant3_meunier_FR1760	"meunier"	0.0 	0.56 	0.56
FR-participant3_meunier_FR1760	""	0.56 	0.630062 	0.070062
FR-participant3_meunier_FR1760	"m"	0.0 	0.17 	0.17
FR-participant3_meunier_FR1760	"ø"	0.17 	0.21 	0.04
FR-participant3_meunier_FR1760	"n"	0.21 	0.32 	0.11
FR-participant3_meunier_FR1760	"j"	0.32 	0.45 	0.13
FR-participant3_meunier_FR1760	"e"	0.45 	0.56 	0.11
FR-participant3_meunier_FR1760	""	0.56 	0.630062 	0.070062
FR-participant3_papa_FR1764	""	0.0 	0.04 	0.04
FR-participant3_papa_FR1764	"papa"	0.04 	0.53 	0.49
FR-participant3_papa_FR1764	""	0.53 	0.55725 	0.02725
FR-participant3_papa_FR1764	""	0.0 	0.04 	0.04
FR-participant3_papa_FR1764	"p"	0.04 	0.09 	0.05
FR-participant3_papa_FR1764	"a"	0.09 	0.17 	0.08
FR-participant3_papa_FR1764	"p"	0.17 	0.26 	0.09
FR-participant3_papa_FR1764	"a"	0.26 	0.53 	0.27
FR-participant3_papa_FR1764	""	0.53 	0.55725 	0.02725
FR-participant3_pardon_FR2085	""	0.0 	0.13 	0.13
FR-participant3_pardon_FR2085	"pardon"	0.13 	0.54 	0.41
FR-participant3_pardon_FR2085	""	0.54 	0.670063 	0.130063
FR-participant3_pardon_FR2085	""	0.0 	0.13 	0.13
FR-participant3_pardon_FR2085	"p"	0.13 	0.18 	0.05
FR-participant3_pardon_FR2085	"a"	0.18 	0.27 	0.09
FR-participant3_pardon_FR2085	"ʁ"	0.27 	0.35 	0.08
FR-participant3_pardon_FR2085	"d"	0.35 	0.41 	0.06
FR-participant3_pardon_FR2085	"ɔ̃"	0.41 	0.54 	0.13
FR-participant3_pardon_FR2085	""	0.54 	0.670063 	0.130063
FR-participant3_parfum_FR2083	""	0.0 	0.09 	0.09
FR-participant3_parfum_FR2083	"parfum"	0.09 	0.56 	0.47
FR-participant3_parfum_FR2083	""	0.56 	0.590063 	0.030063
FR-participant3_parfum_FR2083	""	0.0 	0.09 	0.09
FR-participant3_parfum_FR2083	"p"	0.09 	0.12 	0.03
FR-participant3_parfum_FR2083	"a"	0.12 	0.16 	0.04
FR-participant3_parfum_FR2083	"ʁ"	0.16 	0.27 	0.11
FR-participant3_parfum_FR2083	"f"	0.27 	0.38 	0.11
FR-participant3_parfum_FR2083	"ɛ̃"	0.38 	0.56 	0.18
FR-participant3_parfum_FR2083	""	0.56 	0.590063 	0.030063
FR-participant3_peau_FR1769	""	0.0 	0.14 	0.14
FR-participant3_peau_FR1769	"peau"	0.14 	0.43 	0.29
FR-participant3_peau_FR1769	""	0.43 	0.530062 	0.100062
FR-participant3_peau_FR1769	""	0.0 	0.14 	0.14
FR-participant3_peau_FR1769	"p"	0.14 	0.19 	0.05
FR-participant3_peau_FR1769	"o"	0.19 	0.43 	0.24
FR-participant3_peau_FR1769	""	0.43 	0.530062 	0.100062
FR-participant3_porte_FR1770	""	0.0 	0.12 	0.12
FR-participant3_porte_FR1770	"porte"	0.12 	0.62 	0.5
FR-participant3_porte_FR1770	""	0.62 	0.650062 	0.030062
FR-participant3_porte_FR1770	""	0.0 	0.12 	0.12
FR-participant3_porte_FR1770	"p"	0.12 	0.17 	0.05
FR-participant3_porte_FR1770	"ɔ"	0.17 	0.24 	0.07
FR-participant3_porte_FR1770	"ʁ"	0.24 	0.42 	0.18
FR-participant3_porte_FR1770	"t"	0.42 	0.62 	0.2
FR-participant3_porte_FR1770	""	0.62 	0.650062 	0.030062
FR-participant3_queue_FR1761	"queue"	0.0 	0.28 	0.28
FR-participant3_queue_FR1761	""	0.28 	0.32 	0.04
FR-participant3_queue_FR1761	"k"	0.0 	0.09 	0.09
FR-participant3_queue_FR1761	"ø"	0.09 	0.28 	0.19
FR-participant3_queue_FR1761	""	0.28 	0.32 	0.04
FR-participant3_rideau_FR1768	"rideau"	0.0 	0.43 	0.43
FR-participant3_rideau_FR1768	""	0.43 	0.46 	0.03
FR-participant3_rideau_FR1768	"ʁ"	0.0 	0.12 	0.12
FR-participant3_rideau_FR1768	"i"	0.12 	0.22 	0.1
FR-participant3_rideau_FR1768	"d"	0.22 	0.3 	0.08
FR-participant3_rideau_FR1768	"o"	0.3 	0.43 	0.13
FR-participant3_rideau_FR1768	""	0.43 	0.46 	0.03
FR-participant3_roule_FR1767	"roule"	0.0 	0.52 	0.52
FR-participant3_roule_FR1767	""	0.52 	0.590063 	0.070063
FR-participant3_roule_FR1767	"ʁ"	0.0 	0.15 	0.15
FR-participant3_roule_FR1767	"u"	0.15 	0.32 	0.17
FR-participant3_roule_FR1767	"l"	0.32 	0.52 	0.2
FR-participant3_roule_FR1767	""	0.52 	0.590063 	0.070063
FR-participant3_soeur_FR1763	"soeur"	0.0 	0.62 	0.62
FR-participant3_soeur_FR1763	""	0.62 	0.6495 	0.0295
FR-participant3_soeur_FR1763	"s"	0.0 	0.23 	0.23
FR-participant3_soeur_FR1763	"œ"	0.23 	0.4 	0.17
FR-participant3_soeur_FR1763	"ʁ"	0.4 	0.62 	0.22
FR-participant3_soeur_FR1763	""	0.62 	0.6495 	0.0295
FR-participant3_sok	"sok"	0.0 	0.52 	0.52
FR-participant3_sok	""	0.52 	0.552562 	0.032562
FR-participant3_sok	"s"	0.0 	0.17 	0.17
FR-participant3_sok	"o"	0.17 	0.29 	0.12
FR-participant3_sok	"k"	0.29 	0.52 	0.23
FR-participant3_sok	""	0.52 	0.552562 	0.032562
FR-participant3_son_FR2086	"son"	0.0 	0.35 	0.35
FR-participant3_son_FR2086	""	0.35 	0.450062 	0.100062
FR-participant3_son_FR2086	"s"	0.0 	0.2 	0.2
FR-participant3_son_FR2086	"ɔ̃"	0.2 	0.35 	0.15
FR-participant3_son_FR2086	""	0.35 	0.450062 	0.100062
FR-participant3_sort_FR2080	"sort"	0.0 	0.61 	0.61
FR-participant3_sort_FR2080	""	0.61 	0.64 	0.03
FR-participant3_sort_FR2080	"s"	0.0 	0.28 	0.28
FR-participant3_sort_FR2080	"ɔ"	0.28 	0.38 	0.1
FR-participant3_sort_FR2080	"ʁ"	0.38 	0.61 	0.23
FR-participant3_sort_FR2080	""	0.61 	0.64 	0.03
FR-participant3_søt	"søt"	0.0 	0.72 	0.72
FR-participant3_søt	""	0.72 	0.750062 	0.030062
FR-participant3_søt	"s"	0.0 	0.34 	0.34
FR-participant3_søt	"ø"	0.34 	0.44 	0.1
FR-participant3_søt	"t"	0.44 	0.72 	0.28
FR-participant3_søt	""	0.72 	0.750062 	0.030062
FR-participant3_sɔb	"sɔb"	0.0 	0.5 	0.5
FR-participant3_sɔb	""	0.5 	0.54 	0.04
FR-participant3_sɔb	"s"	0.0 	0.22 	0.22
FR-participant3_sɔb	"ɔ"	0.22 	0.33 	0.11
FR-participant3_sɔb	"b"	0.33 	0.5 	0.17
FR-participant3_sɔb	""	0.5 	0.54 	0.04
FR-participant3_temps_FR2088	""	0.0 	0.15 	0.15
FR-participant3_temps_FR2088	"temps"	0.15 	0.39 	0.24
FR-participant3_temps_FR2088	""	0.39 	0.42 	0.03
FR-participant3_temps_FR2088	""	0.0 	0.15 	0.15
FR-participant3_temps_FR2088	"t"	0.15 	0.21 	0.06
FR-participant3_temps_FR2088	"ɑ̃"	0.21 	0.39 	0.18
FR-participant3_temps_FR2088	""	0.39 	0.42 	0.03
FR-participant3_tique_FR1753	"tique"	0.0 	0.52 	0.52
FR-participant3_tique_FR1753	""	0.52 	0.58 	0.06
FR-participant3_tique_FR1753	"t"	0.0 	0.1 	0.1
FR-participant3_tique_FR1753	"i"	0.1 	0.22 	0.12
FR-participant3_tique_FR1753	"k"	0.22 	0.52 	0.3
FR-participant3_tique_FR1753	""	0.52 	0.58 	0.06
FR-participant3_toujours_FR1766	""	0.0 	0.1 	0.1
FR-participant3_toujours_FR1766	"toujours"	0.1 	0.5 	0.4
FR-participant3_toujours_FR1766	""	0.5 	0.58 	0.08
FR-participant3_toujours_FR1766	""	0.0 	0.1 	0.1
FR-participant3_toujours_FR1766	"t"	0.1 	0.15 	0.05
FR-participant3_toujours_FR1766	"u"	0.15 	0.23 	0.08
FR-participant3_toujours_FR1766	"ʒ"	0.23 	0.32 	0.09
FR-participant3_toujours_FR1766	"u"	0.32 	0.42 	0.1
FR-participant3_toujours_FR1766	"ʁ"	0.42 	0.5 	0.08
FR-participant3_toujours_FR1766	""	0.5 	0.58 	0.08
FR-participant3_tutu_FR1755	""	0.0 	0.1 	0.1
FR-participant3_tutu_FR1755	"tutu"	0.1 	0.51 	0.41
FR-participant3_tutu_FR1755	""	0.51 	0.570063 	0.060063
FR-participant3_tutu_FR1755	""	0.0 	0.1 	0.1
FR-participant3_tutu_FR1755	"t"	0.1 	0.17 	0.07
FR-participant3_tutu_FR1755	"y"	0.17 	0.29 	0.12
FR-participant3_tutu_FR1755	"t"	0.29 	0.38 	0.09
FR-participant3_tutu_FR1755	"y"	0.38 	0.51 	0.13
FR-participant3_tutu_FR1755	""	0.51 	0.570063 	0.060063
FR-participant3_un_FR2084	""	0.0 	0.03 	0.03
FR-participant3_un_FR2084	"un"	0.03 	0.24 	0.21
FR-participant3_un_FR2084	""	0.24 	0.28 	0.04
FR-participant3_un_FR2084	""	0.0 	0.03 	0.03
FR-participant3_un_FR2084	"ɛ̃"	0.03 	0.24 	0.21
FR-participant3_un_FR2084	""	0.24 	0.28 	0.04
FR-participant3_veuve_FR1762	"veuve"	0.0 	0.41 	0.41
FR-participant3_veuve_FR1762	""	0.41 	0.54 	0.13
FR-participant3_veuve_FR1762	"v"	0.0 	0.14 	0.14
FR-participant3_veuve_FR1762	"œ"	0.14 	0.3 	0.16
FR-participant3_veuve_FR1762	"v"	0.3 	0.41 	0.11
FR-participant3_veuve_FR1762	""	0.41 	0.54 	0.13
FR-participant3_vin_FR2082	"vin"	0.0 	0.37 	0.37
FR-participant3_vin_FR2082	""	0.37 	0.400062 	0.030062
FR-participant3_vin_FR2082	"v"	0.0 	0.17 	0.17
FR-participant3_vin_FR2082	"ɛ̃"	0.17 	0.37 	0.2
FR-participant3_vin_FR2082	""	0.37 	0.400062 	0.030062
FR-participant4_cette_FR1709	""	0.0 	0.1 	0.1
FR-participant4_cette_FR1709	"cette"	0.1 	0.4 	0.3
FR-participant4_cette_FR1709	""	0.4 	0.749437 	0.349437
FR-participant4_cette_FR1709	""	0.0 	0.1 	0.1
FR-participant4_cette_FR1709	"s"	0.1 	0.13 	0.03
FR-participant4_cette_FR1709	"ɛ"	0.13 	0.23 	0.1
FR-participant4_cette_FR1709	"t"	0.23 	0.4 	0.17
FR-participant4_cette_FR1709	""	0.4 	0.749437 	0.349437
FR-participant4_faite_FR1710	"faite"	0.0 	0.24 	0.24
FR-participant4_faite_FR1710	""	0.24 	0.430063 	0.190063
FR-participant4_faite_FR1710	"f"	0.0 	0.06 	0.06
FR-participant4_faite_FR1710	"ɛ"	0.06 	0.15 	0.09
FR-participant4_faite_FR1710	"t"	0.15 	0.24 	0.09
FR-participant4_faite_FR1710	""	0.24 	0.430063 	0.190063
FR-participant4_journee_FR1708	""	0.0 	0.12 	0.12
FR-participant4_journee_FR1708	"journee"	0.12 	0.64 	0.52
FR-participant4_journee_FR1708	""	0.64 	0.670063 	0.030063
FR-participant4_journee_FR1708	""	0.0 	0.12 	0.12
FR-participant4_journee_FR1708	"ʒ"	0.12 	0.17 	0.05
FR-participant4_journee_FR1708	"u"	0.17 	0.29 	0.12
FR-participant4_journee_FR1708	"ʁ"	0.29 	0.38 	0.09
FR-participant4_journee_FR1708	"ɲ"	0.38 	0.53 	0.15
FR-participant4_journee_FR1708	"e"	0.53 	0.64 	0.11
FR-participant4_journee_FR1708	""	0.64 	0.670063 	0.030063
FR-participant4_kef	"kef"	0.0 	0.17 	0.17
FR-participant4_kef	""	0.17 	0.550063 	0.380063
FR-participant4_kef	"c"	0.0 	0.05 	0.05
FR-participant4_kef	"ɛ"	0.05 	0.14 	0.09
FR-participant4_kef	"f"	0.14 	0.17 	0.03
FR-participant4_kef	""	0.17 	0.550063 	0.380063
FR-participant4_mechant_FR1417	"mechant"	0.0 	0.44 	0.44
FR-participant4_mechant_FR1417	""	0.44 	0.62 	0.18
FR-participant4_mechant_FR1417	"e"	0.14 	0.25 	0.1
FR-participant4_mechant_FR1417	"ɑ̃"	0.43	0.55	0.12
FR-participant4_mechant_FR1417	""	0.44 	0.62 	0.18
FR-participant4_meunier_FR1711	""	0.0 	0.03 	0.03
FR-participant4_meunier_FR1711	"meunier"	0.03 	0.65 	0.62
FR-participant4_meunier_FR1711	""	0.65 	0.68 	0.03
FR-participant4_meunier_FR1711	""	0.0 	0.03 	0.03
FR-participant4_meunier_FR1711	"m"	0.03 	0.17 	0.14
FR-participant4_meunier_FR1711	"ø"	0.17 	0.25 	0.08
FR-participant4_meunier_FR1711	"n"	0.25 	0.52 	0.27
FR-participant4_meunier_FR1711	"j"	0.52 	0.56 	0.04
FR-participant4_meunier_FR1711	"e"	0.56 	0.65 	0.09
FR-participant4_meunier_FR1711	""	0.65 	0.68 	0.03
FR-participant4_pardon_FR1415	""	0.0 	0.03 	0.03
FR-participant4_pardon_FR1415	"pardon"	0.03 	0.46 	0.43
FR-participant4_pardon_FR1415	""	0.46 	0.49 	0.03
FR-participant4_pardon_FR1415	""	0.0 	0.03 	0.03
FR-participant4_pardon_FR1415	"p"	0.03 	0.06 	0.03
FR-participant4_pardon_FR1415	"a"	0.06 	0.17 	0.11
FR-participant4_pardon_FR1415	"ʁ"	0.17 	0.26 	0.09
FR-participant4_pardon_FR1415	"d"	0.26 	0.33 	0.07
FR-participant4_pardon_FR1415	"ɔ̃"	0.33 	0.46 	0.13
FR-participant4_pardon_FR1415	""	0.46 	0.49 	0.03
FR-participant4_queue_FR1712	""	0.0 	0.03 	0.03
FR-participant4_queue_FR1712	"queue"	0.03 	0.29 	0.26
FR-participant4_queue_FR1712	""	0.29 	0.32 	0.03
FR-participant4_queue_FR1712	""	0.0 	0.03 	0.03
FR-participant4_queue_FR1712	"k"	0.03 	0.15 	0.12
FR-participant4_queue_FR1712	"ø"	0.15 	0.29 	0.14
FR-participant4_queue_FR1712	""	0.29 	0.32 	0.03
FR-participant4_sɔk	""	0.0 	0.14 	0.14
FR-participant4_sɔk	"sɔk"	0.14 	0.23 	0.09
FR-participant4_sɔk	""	0.23 	0.550063 	0.320063
FR-participant4_sɔk	""	0.0 	0.14 	0.14
FR-participant4_sɔk	"s"	0.14 	0.17 	0.03
FR-participant4_sɔk	"ɔ"	0.17 	0.2 	0.03
FR-participant4_sɔk	"k"	0.2 	0.23 	0.03
FR-participant4_sɔk	""	0.23 	0.550063 	0.320063
FR-participant4_temps_FR1418	"temps"	0.0 	0.26 	0.26
FR-participant4_temps_FR1418	""	0.26 	0.290063 	0.030063
FR-participant4_temps_FR1418	"t"	0.0 	0.07 	0.07
FR-participant4_temps_FR1418	"ɑ̃"	0.07 	0.26 	0.19
FR-participant4_temps_FR1418	""	0.26 	0.290063 	0.030063
FR-participant4_tique_FR1704	""	0.0 	0.14 	0.14
FR-participant4_tique_FR1704	"tique"	0.14 	0.38 	0.24
FR-participant4_tique_FR1704	""	0.38 	0.642375 	0.262375
FR-participant4_tique_FR1704	""	0.0 	0.14 	0.14
FR-participant4_tique_FR1704	"t"	0.14 	0.22 	0.08
FR-participant4_tique_FR1704	"i"	0.22 	0.32 	0.1
FR-participant4_tique_FR1704	"k"	0.32 	0.38 	0.06
FR-participant4_tique_FR1704	""	0.38 	0.642375 	0.262375
FR-participant4_tutu_FR1706	""	0.0 	0.03 	0.03
FR-participant4_tutu_FR1706	"tutu"	0.03 	0.51 	0.48
FR-participant4_tutu_FR1706	""	0.51 	0.54 	0.03
FR-participant4_tutu_FR1706	""	0.0 	0.03 	0.03
FR-participant4_tutu_FR1706	"t"	0.03 	0.14 	0.11
FR-participant4_tutu_FR1706	"y"	0.14 	0.27 	0.13
FR-participant4_tutu_FR1706	"t"	0.27 	0.4 	0.13
FR-participant4_tutu_FR1706	"y"	0.4 	0.51 	0.11
FR-participant4_tutu_FR1706	""	0.51 	0.54 	0.03
FR-participant5_cachette	""	0.0 	0.21 	0.21
FR-participant5_cachette	"cachette"	0.21 	0.95 	0.74
FR-participant5_cachette	""	0.95 	1.17025 	0.22025
FR-participant5_cachette	""	0.0 	0.21 	0.21
FR-participant5_cachette	"k"	0.21 	0.27 	0.06
FR-participant5_cachette	"a"	0.27 	0.35 	0.08
FR-participant5_cachette	"ʃ"	0.35 	0.51 	0.16
FR-participant5_cachette	"ɛ"	0.51 	0.61 	0.1
FR-participant5_cachette	"t"	0.61 	0.95 	0.34
FR-participant5_cachette	""	0.95 	1.17025 	0.22025
FR-participant5_cette_FR3495	"cette"	0.0 	0.450062 	0.450062
FR-participant5_cette_FR3495	"s"	0.0 	0.14 	0.14
FR-participant5_cette_FR3495	"ɛ"	0.14 	0.23 	0.09
FR-participant5_cette_FR3495	"t"	0.23 	0.450062 	0.220062
FR-participant5_ete_FR3493	""	0.0 	0.12 	0.12
FR-participant5_ete_FR3493	"ete"	0.12 	0.35 	0.23
FR-participant5_ete_FR3493	""	0.35 	0.498312 	0.148312
FR-participant5_ete_FR3493	""	0.0 	0.12 	0.12
FR-participant5_ete_FR3493	"e"	0.13 	0.25	0.12
FR-participant5_ete_FR3493	"t"	0.23 	0.35 	0.12
FR-participant5_ete_FR3493	"e"	0.33	0.40	0.07
FR-participant5_ete_FR3493	""	0.35 	0.498312 	0.148312
FR-participant5_faite_FR3496	"faite"	0.0 	0.43 	0.43
FR-participant5_faite_FR3496	""	0.43 	0.46 	0.03
FR-participant5_faite_FR3496	"f"	0.0 	0.15 	0.15
FR-participant5_faite_FR3496	"ɛ"	0.15 	0.24 	0.09
FR-participant5_faite_FR3496	"t"	0.24 	0.43 	0.19
FR-participant5_faite_FR3496	""	0.43 	0.46 	0.03
FR-participant5_femme_FR3502	"femme"	0.0 	0.4 	0.4
FR-participant5_femme_FR3502	""	0.4 	0.44 	0.04
FR-participant5_femme_FR3502	"f"	0.0 	0.14 	0.14
FR-participant5_femme_FR3502	"a"	0.14 	0.27 	0.13
FR-participant5_femme_FR3502	"m"	0.27 	0.4 	0.13
FR-participant5_femme_FR3502	""	0.4 	0.44 	0.04
FR-participant5_fils_FR3491	"fils"	0.0 	0.55 	0.55
FR-participant5_fils_FR3491	""	0.55 	0.58 	0.03
FR-participant5_fils_FR3491	"f"	0.0 	0.15 	0.15
FR-participant5_fils_FR3491	"i"	0.15 	0.23 	0.08
FR-participant5_fils_FR3491	"s"	0.23 	0.55 	0.32
FR-participant5_fils_FR3491	""	0.55 	0.58 	0.03
FR-participant5_impair_FR3509	""	0.0 	0.03 	0.03
FR-participant5_impair_FR3509	"impair"	0.03 	0.58 	0.55
FR-participant5_impair_FR3509	""	0.58 	0.610062 	0.030062
FR-participant5_impair_FR3509	""	0.0 	0.03 	0.03
FR-participant5_impair_FR3509	"ɛ̃"	0.03 	0.16 	0.13
FR-participant5_impair_FR3509	"p"	0.16 	0.27 	0.11
FR-participant5_impair_FR3509	"ɛ"	0.27 	0.44 	0.17
FR-participant5_impair_FR3509	"ʁ"	0.44 	0.58 	0.14
FR-participant5_impair_FR3509	""	0.58 	0.610062 	0.030062
FR-participant5_journee_FR3494	"journee"	0.0 	0.48 	0.48
FR-participant5_journee_FR3494	""	0.48 	0.550063 	0.070063
FR-participant5_journee_FR3494	"ʒ"	0.0 	0.16 	0.16
FR-participant5_journee_FR3494	"u"	0.16 	0.23 	0.07
FR-participant5_journee_FR3494	"ʁ"	0.23 	0.29 	0.06
FR-participant5_journee_FR3494	"ɲ"	0.29 	0.38 	0.09
FR-participant5_journee_FR3494	"e"	0.38 	0.48 	0.1
FR-participant5_journee_FR3494	""	0.48 	0.550063 	0.070063
FR-participant5_keb	""	0.0 	0.08 	0.08
FR-participant5_keb	"keb"	0.08 	0.4 	0.32
FR-participant5_keb	""	0.4 	0.44 	0.04
FR-participant5_keb	""	0.0 	0.08 	0.08
FR-participant5_keb	"c"	0.08 	0.18 	0.1
FR-participant5_keb	"e"	0.18 	0.25 	0.07
FR-participant5_keb	"b"	0.25 	0.4 	0.15
FR-participant5_keb	""	0.4 	0.44 	0.04
FR-participant5_kos	""	0.0 	0.09 	0.09
FR-participant5_kos	"kos"	0.09 	0.63 	0.54
FR-participant5_kos	""	0.63 	0.66 	0.03
FR-participant5_kos	""	0.0 	0.09 	0.09
FR-participant5_kos	"k"	0.09 	0.18 	0.09
FR-participant5_kos	"o"	0.18 	0.37 	0.19
FR-participant5_kos	"s"	0.37 	0.63 	0.26
FR-participant5_kos	""	0.63 	0.66 	0.03
FR-participant5_køs	""	0.0 	0.07 	0.07
FR-participant5_køs	"køs"	0.07 	0.58 	0.51
FR-participant5_køs	""	0.58 	0.610062 	0.030062
FR-participant5_køs	""	0.0 	0.07 	0.07
FR-participant5_køs	"k"	0.07 	0.15 	0.08
FR-participant5_køs	"ø"	0.15 	0.34 	0.19
FR-participant5_køs	"s"	0.34 	0.58 	0.24
FR-participant5_køs	""	0.58 	0.610062 	0.030062
FR-participant5_kœs	""	0.0 	0.07 	0.07
FR-participant5_kœs	"kœs"	0.07 	0.53 	0.46
FR-participant5_kœs	""	0.53 	0.56 	0.03
FR-participant5_kœs	""	0.0 	0.07 	0.07
FR-participant5_kœs	"k"	0.07 	0.14 	0.07
FR-participant5_kœs	"œ"	0.14 	0.28 	0.14
FR-participant5_kœs	"s"	0.28 	0.53 	0.25
FR-participant5_kœs	""	0.53 	0.56 	0.03
FR-participant5_kɛb	""	0.0 	0.09 	0.09
FR-participant5_kɛb	"kɛb"	0.09 	0.4 	0.31
FR-participant5_kɛb	""	0.0 	0.09 	0.09
FR-participant5_kɛb	"c"	0.09 	0.16 	0.07
FR-participant5_kɛb	"ɛ"	0.16 	0.33 	0.17
FR-participant5_kɛb	"b"	0.33 	0.4 	0.07
FR-participant5_lettre	""	0.0 	0.19 	0.19
FR-participant5_lettre	"lettre"	0.19 	0.77 	0.58
FR-participant5_lettre	""	0.77 	1.180875 	0.410875
FR-participant5_lettre	""	0.0 	0.19 	0.19
FR-participant5_lettre	"l"	0.19 	0.34 	0.15
FR-participant5_lettre	"ɛ"	0.34 	0.44 	0.1
FR-participant5_lettre	"t"	0.44 	0.57 	0.13
FR-participant5_lettre	"ʁ"	0.57 	0.77 	0.2
FR-participant5_lettre	""	0.77 	1.180875 	0.410875
FR-participant5_mechant_FR3817	"mechant"	0.0 	0.45 	0.45
FR-participant5_mechant_FR3817	""	0.45 	0.52 	0.07
FR-participant5_mechant_FR3817	"e"	0.12 	0.19 	0.07
FR-participant5_mechant_FR3817	"ɑ̃"	0.35	0.45	0.10
FR-participant5_mechant_FR3817	""	0.45 	0.52 	0.07
FR-participant5_meunier_FR3497	"meunier"	0.0 	0.49 	0.49
FR-participant5_meunier_FR3497	""	0.49 	0.530062 	0.040062
FR-participant5_meunier_FR3497	"m"	0.0 	0.14 	0.14
FR-participant5_meunier_FR3497	"ø"	0.14 	0.19 	0.05
FR-participant5_meunier_FR3497	"ɲ"	0.19 	0.31 	0.12
FR-participant5_meunier_FR3497	"e"	0.31 	0.49 	0.18
FR-participant5_meunier_FR3497	""	0.49 	0.530062 	0.040062
FR-participant5_papa_FR3501	""	0.0 	0.07 	0.07
FR-participant5_papa_FR3501	"papa"	0.07 	0.43 	0.36
FR-participant5_papa_FR3501	""	0.43 	0.46 	0.03
FR-participant5_papa_FR3501	""	0.0 	0.07 	0.07
FR-participant5_papa_FR3501	"p"	0.07 	0.1 	0.03
FR-participant5_papa_FR3501	"a"	0.1 	0.18 	0.08
FR-participant5_papa_FR3501	"p"	0.18 	0.29 	0.11
FR-participant5_papa_FR3501	"a"	0.29 	0.43 	0.14
FR-participant5_papa_FR3501	""	0.43 	0.46 	0.03
FR-participant5_pardon_FR3815	""	0.0 	0.08 	0.08
FR-participant5_pardon_FR3815	"pardon"	0.08 	0.41 	0.33
FR-participant5_pardon_FR3815	""	0.41 	0.44 	0.03
FR-participant5_pardon_FR3815	""	0.0 	0.08 	0.08
FR-participant5_pardon_FR3815	"p"	0.08 	0.12 	0.04
FR-participant5_pardon_FR3815	"a"	0.12 	0.19 	0.07
FR-participant5_pardon_FR3815	"ʁ"	0.19 	0.29 	0.1
FR-participant5_pardon_FR3815	"d"	0.29 	0.34 	0.05
FR-participant5_pardon_FR3815	"ɔ̃"	0.34 	0.41 	0.07
FR-participant5_pardon_FR3815	""	0.41 	0.44 	0.03
FR-participant5_parfum_FR3511	""	0.0 	0.07 	0.07
FR-participant5_parfum_FR3511	"parfum"	0.07 	0.46 	0.39
FR-participant5_parfum_FR3511	""	0.46 	0.490063 	0.030063
FR-participant5_parfum_FR3511	""	0.0 	0.07 	0.07
FR-participant5_parfum_FR3511	"p"	0.07 	0.11 	0.04
FR-participant5_parfum_FR3511	"a"	0.11 	0.17 	0.06
FR-participant5_parfum_FR3511	"ʁ"	0.17 	0.27 	0.1
FR-participant5_parfum_FR3511	"f"	0.27 	0.37 	0.1
FR-participant5_parfum_FR3511	"ɛ̃"	0.37 	0.46 	0.09
FR-participant5_parfum_FR3511	""	0.46 	0.490063 	0.030063
FR-participant5_peau_FR3506	""	0.0 	0.1 	0.1
FR-participant5_peau_FR3506	"peau"	0.1 	0.3 	0.2
FR-participant5_peau_FR3506	""	0.3 	0.330062 	0.030062
FR-participant5_peau_FR3506	""	0.0 	0.1 	0.1
FR-participant5_peau_FR3506	"p"	0.1 	0.16 	0.06
FR-participant5_peau_FR3506	"o"	0.16 	0.3 	0.14
FR-participant5_peau_FR3506	""	0.3 	0.330062 	0.030062
FR-participant5_porte_FR3507	""	0.0 	0.09 	0.09
FR-participant5_porte_FR3507	"porte"	0.09 	0.49 	0.4
FR-participant5_porte_FR3507	""	0.49 	0.52 	0.03
FR-participant5_porte_FR3507	""	0.0 	0.09 	0.09
FR-participant5_porte_FR3507	"p"	0.09 	0.13 	0.04
FR-participant5_porte_FR3507	"ɔ"	0.13 	0.21 	0.08
FR-participant5_porte_FR3507	"ʁ"	0.21 	0.36 	0.15
FR-participant5_porte_FR3507	"t"	0.36 	0.49 	0.13
FR-participant5_porte_FR3507	""	0.49 	0.52 	0.03
FR-participant5_queue_FR3498	""	0.0 	0.08 	0.08
FR-participant5_queue_FR3498	"queue"	0.08 	0.33 	0.25
FR-participant5_queue_FR3498	""	0.33 	0.370063 	0.040063
FR-participant5_queue_FR3498	""	0.0 	0.08 	0.08
FR-participant5_queue_FR3498	"k"	0.08 	0.14 	0.06
FR-participant5_queue_FR3498	"ø"	0.14 	0.33 	0.19
FR-participant5_queue_FR3498	""	0.33 	0.370063 	0.040063
FR-participant5_rideau_FR3505	"rideau"	0.0 	0.36 	0.36
FR-participant5_rideau_FR3505	""	0.36 	0.390062 	0.030062
FR-participant5_rideau_FR3505	"ʁ"	0.0 	0.07 	0.07
FR-participant5_rideau_FR3505	"i"	0.07 	0.18 	0.11
FR-participant5_rideau_FR3505	"d"	0.18 	0.26 	0.08
FR-participant5_rideau_FR3505	"o"	0.26 	0.36 	0.1
FR-participant5_rideau_FR3505	""	0.36 	0.390062 	0.030062
FR-participant5_roule_FR3504	"roule"	0.0 	0.4 	0.4
FR-participant5_roule_FR3504	""	0.4 	0.430063 	0.030063
FR-participant5_roule_FR3504	"ʁ"	0.0 	0.12 	0.12
FR-participant5_roule_FR3504	"u"	0.12 	0.25 	0.13
FR-participant5_roule_FR3504	"l"	0.25 	0.4 	0.15
FR-participant5_roule_FR3504	""	0.4 	0.430063 	0.030063
FR-participant5_soeur_FR3500	"soeur"	0.0 	0.57 	0.57
FR-participant5_soeur_FR3500	""	0.57 	0.6 	0.03
FR-participant5_soeur_FR3500	"s"	0.0 	0.18 	0.18
FR-participant5_soeur_FR3500	"œ"	0.18 	0.36 	0.18
FR-participant5_soeur_FR3500	"ʁ"	0.36 	0.57 	0.21
FR-participant5_soeur_FR3500	""	0.57 	0.6 	0.03
FR-participant5_son_FR3816	"son"	0.0 	0.2 	0.2
FR-participant5_son_FR3816	""	0.2 	0.229187 	0.029187
FR-participant5_son_FR3816	"s"	0.0 	0.08 	0.08
FR-participant5_son_FR3816	"ɔ̃"	0.08 	0.2 	0.12
FR-participant5_son_FR3816	""	0.2 	0.229187 	0.029187
FR-participant5_sort_FR3508	"sort"	0.0 	0.43 	0.43
FR-participant5_sort_FR3508	""	0.43 	0.4605 	0.0305
FR-participant5_sort_FR3508	"s"	0.0 	0.07 	0.07
FR-participant5_sort_FR3508	"ɔ"	0.07 	0.22 	0.15
FR-participant5_sort_FR3508	"ʁ"	0.22 	0.43 	0.21
FR-participant5_sort_FR3508	""	0.43 	0.4605 	0.0305
FR-participant5_temps_FR3818	""	0.0 	0.11 	0.11
FR-participant5_temps_FR3818	"temps"	0.11 	0.3 	0.19
FR-participant5_temps_FR3818	""	0.3 	0.330062 	0.030062
FR-participant5_temps_FR3818	""	0.0 	0.11 	0.11
FR-participant5_temps_FR3818	"t"	0.11 	0.17 	0.06
FR-participant5_temps_FR3818	"ɑ̃"	0.17 	0.3 	0.13
FR-participant5_temps_FR3818	""	0.3 	0.330062 	0.030062
FR-participant5_teʃ	""	0.0 	0.09 	0.09
FR-participant5_teʃ	"teʃ"	0.09 	0.53 	0.44
FR-participant5_teʃ	""	0.53 	0.62 	0.09
FR-participant5_teʃ	""	0.0 	0.09 	0.09
FR-participant5_teʃ	"t"	0.09 	0.15 	0.06
FR-participant5_teʃ	"e"	0.15 	0.25 	0.1
FR-participant5_teʃ	"ʃ"	0.25 	0.53 	0.28
FR-participant5_teʃ	""	0.53 	0.62 	0.09
FR-participant5_tique_FR3490	"tique"	0.0 	0.47 	0.47
FR-participant5_tique_FR3490	""	0.47 	0.5 	0.03
FR-participant5_tique_FR3490	"t"	0.0 	0.1 	0.1
FR-participant5_tique_FR3490	"i"	0.1 	0.21 	0.11
FR-participant5_tique_FR3490	"k"	0.21 	0.47 	0.26
FR-participant5_tique_FR3490	""	0.47 	0.5 	0.03
FR-participant5_toujours_FR3503	""	0.0 	0.06 	0.06
FR-participant5_toujours_FR3503	"toujours"	0.06 	0.59 	0.53
FR-participant5_toujours_FR3503	""	0.59 	0.62 	0.03
FR-participant5_toujours_FR3503	""	0.0 	0.06 	0.06
FR-participant5_toujours_FR3503	"t"	0.06 	0.14 	0.08
FR-participant5_toujours_FR3503	"u"	0.14 	0.22 	0.08
FR-participant5_toujours_FR3503	"ʒ"	0.22 	0.31 	0.09
FR-participant5_toujours_FR3503	"u"	0.31 	0.43 	0.12
FR-participant5_toujours_FR3503	"ʁ"	0.43 	0.59 	0.16
FR-participant5_toujours_FR3503	""	0.59 	0.62 	0.03
FR-participant5_tutu_FR3492	""	0.0 	0.07 	0.07
FR-participant5_tutu_FR3492	"tutu"	0.07 	0.62 	0.55
FR-participant5_tutu_FR3492	""	0.62 	0.66 	0.04
FR-participant5_tutu_FR3492	""	0.0 	0.07 	0.07
FR-participant5_tutu_FR3492	"t"	0.07 	0.14 	0.07
FR-participant5_tutu_FR3492	"y"	0.14 	0.23 	0.09
FR-participant5_tutu_FR3492	"t"	0.23 	0.33 	0.1
FR-participant5_tutu_FR3492	"y"	0.33 	0.62 	0.29
FR-participant5_tutu_FR3492	""	0.62 	0.66 	0.04
FR-participant5_tɔʃ	""	0.0 	0.09 	0.09
FR-participant5_tɔʃ	"tɔʃ"	0.09 	0.53 	0.44
FR-participant5_tɔʃ	""	0.53 	0.56 	0.03
FR-participant5_tɔʃ	""	0.0 	0.09 	0.09
FR-participant5_tɔʃ	"t"	0.09 	0.13 	0.04
FR-participant5_tɔʃ	"ɔ"	0.13 	0.23 	0.1
FR-participant5_tɔʃ	"ʃ"	0.23 	0.53 	0.3
FR-participant5_tɔʃ	""	0.53 	0.56 	0.03
FR-participant5_un_FR3814	""	0.0 	0.03 	0.03
FR-participant5_un_FR3814	"un"	0.03 	0.2 	0.17
FR-participant5_un_FR3814	""	0.2 	0.230063 	0.030063
FR-participant5_un_FR3814	""	0.0 	0.03 	0.03
FR-participant5_un_FR3814	"ɛ̃"	0.03 	0.2 	0.17
FR-participant5_un_FR3814	""	0.2 	0.230063 	0.030063
FR-participant5_veuve_FR3499	"veuve"	0.0 	0.43 	0.43
FR-participant5_veuve_FR3499	""	0.43 	0.46 	0.03
FR-participant5_veuve_FR3499	"v"	0.0 	0.16 	0.16
FR-participant5_veuve_FR3499	"œ"	0.16 	0.3 	0.14
FR-participant5_veuve_FR3499	"v"	0.3 	0.43 	0.13
FR-participant5_veuve_FR3499	""	0.43 	0.46 	0.03
FR-participant5_vin_FR3510	"vin"	0.0 	0.27 	0.27
FR-participant5_vin_FR3510	""	0.27 	0.33 	0.06
FR-participant5_vin_FR3510	"v"	0.0 	0.14 	0.14
FR-participant5_vin_FR3510	"ɛ̃"	0.14 	0.27 	0.13
FR-participant5_vin_FR3510	""	0.27 	0.33 	0.06
FR-participant6_cette_FR432	"cette"	0.0 	0.610062 	0.610062
FR-participant6_cette_FR432	"s"	0.0 	0.2 	0.2
FR-participant6_cette_FR432	"ɛ"	0.2 	0.29 	0.09
FR-participant6_cette_FR432	"t"	0.29 	0.610062 	0.320062
FR-participant6_ete_FR430	"ete"	0.0 	0.3 	0.3
FR-participant6_ete_FR430	""	0.3 	0.450062 	0.150062
FR-participant6_ete_FR430	"e"	0.0 	0.09 	0.09
FR-participant6_ete_FR430	"t"	0.09 	0.3 	0.21
FR-participant6_ete_FR430	"e"	0.28	0.42	0.14
FR-participant6_ete_FR430	""	0.3 	0.450062 	0.150062
FR-participant6_faite_FR433	""	0.0 	0.16 	0.16
FR-participant6_faite_FR433	"faite"	0.16 	0.5 	0.34
FR-participant6_faite_FR433	""	0.5 	0.6 	0.1
FR-participant6_faite_FR433	""	0.0 	0.16 	0.16
FR-participant6_faite_FR433	"f"	0.16 	0.19 	0.03
FR-participant6_faite_FR433	"ɛ"	0.19 	0.3 	0.11
FR-participant6_faite_FR433	"t"	0.3 	0.5 	0.2
FR-participant6_faite_FR433	""	0.5 	0.6 	0.1
FR-participant6_femme_FR439	"femme"	0.0 	0.41 	0.41
FR-participant6_femme_FR439	""	0.41 	0.438375 	0.028375
FR-participant6_femme_FR439	"f"	0.0 	0.09 	0.09
FR-participant6_femme_FR439	"a"	0.09 	0.22 	0.13
FR-participant6_femme_FR439	"m"	0.22 	0.41 	0.19
FR-participant6_femme_FR439	""	0.41 	0.438375 	0.028375
FR-participant6_fils_FR428	"fils"	0.0 	0.63 	0.63
FR-participant6_fils_FR428	""	0.63 	0.66 	0.03
FR-participant6_fils_FR428	"f"	0.0 	0.22 	0.22
FR-participant6_fils_FR428	"i"	0.22 	0.34 	0.12
FR-participant6_fils_FR428	"s"	0.34 	0.63 	0.29
FR-participant6_fils_FR428	""	0.63 	0.66 	0.03
FR-participant6_føt	"føt"	0.0 	0.55 	0.55
FR-participant6_føt	""	0.55 	0.57825 	0.02825
FR-participant6_føt	"f"	0.0 	0.2 	0.2
FR-participant6_føt	"ø"	0.2 	0.33 	0.13
FR-participant6_føt	"t"	0.33 	0.55 	0.22
FR-participant6_føt	""	0.55 	0.57825 	0.02825
FR-participant6_impair_FR446	""	0.0 	0.03 	0.03
FR-participant6_impair_FR446	"impair"	0.03 	0.58 	0.55
FR-participant6_impair_FR446	""	0.58 	0.64 	0.06
FR-participant6_impair_FR446	""	0.0 	0.03 	0.03
FR-participant6_impair_FR446	"ɛ̃"	0.03 	0.16 	0.13
FR-participant6_impair_FR446	"p"	0.16 	0.3 	0.14
FR-participant6_impair_FR446	"ɛ"	0.3 	0.53 	0.23
FR-participant6_impair_FR446	"ʁ"	0.53 	0.58 	0.05
FR-participant6_impair_FR446	""	0.58 	0.64 	0.06
FR-participant6_journee_FR431	"journee"	0.0 	0.56 	0.56
FR-participant6_journee_FR431	""	0.56 	0.590063 	0.030063
FR-participant6_journee_FR431	"ʒ"	0.0 	0.13 	0.13
FR-participant6_journee_FR431	"u"	0.13 	0.21 	0.08
FR-participant6_journee_FR431	"ʁ"	0.21 	0.24 	0.03
FR-participant6_journee_FR431	"ɲ"	0.24 	0.42 	0.18
FR-participant6_journee_FR431	"e"	0.42 	0.56 	0.14
FR-participant6_journee_FR431	""	0.56 	0.590063 	0.030063
FR-participant6_kɛf	"kɛf"	0.0 	0.27 	0.27
FR-participant6_kɛf	""	0.27 	0.3 	0.03
FR-participant6_kɛf	"c"	0.0 	0.07 	0.07
FR-participant6_kɛf	"ɛ"	0.07 	0.19 	0.12
FR-participant6_kɛf	"f"	0.19 	0.27 	0.08
FR-participant6_kɛf	""	0.27 	0.3 	0.03
FR-participant6_mechant_FR46	"mechant"	0.0 	0.52 	0.52
FR-participant6_mechant_FR46	""	0.52 	0.560063 	0.040063
FR-participant6_mechant_FR46	"e"	0.12 	0.22 	0.10
FR-participant6_mechant_FR46	"ɑ̃"	0.39	0.53	0.14
FR-participant6_mechant_FR46	""	0.52 	0.560063 	0.040063
FR-participant6_meunier_FR434	"meunier"	0.0 	0.55 	0.55
FR-participant6_meunier_FR434	""	0.55 	0.58 	0.03
FR-participant6_meunier_FR434	"m"	0.0 	0.14 	0.14
FR-participant6_meunier_FR434	"ø"	0.14 	0.19 	0.05
FR-participant6_meunier_FR434	"n"	0.19 	0.38 	0.19
FR-participant6_meunier_FR434	"j"	0.38 	0.46 	0.08
FR-participant6_meunier_FR434	"e"	0.46 	0.55 	0.09
FR-participant6_meunier_FR434	""	0.55 	0.58 	0.03
FR-participant6_papa_FR438	""	0.0 	0.12 	0.12
FR-participant6_papa_FR438	"papa"	0.12 	0.53 	0.41
FR-participant6_papa_FR438	""	0.53 	0.56 	0.03
FR-participant6_papa_FR438	""	0.0 	0.12 	0.12
FR-participant6_papa_FR438	"p"	0.12 	0.16 	0.04
FR-participant6_papa_FR438	"a"	0.16 	0.24 	0.08
FR-participant6_papa_FR438	"p"	0.24 	0.37 	0.13
FR-participant6_papa_FR438	"a"	0.37 	0.53 	0.16
FR-participant6_papa_FR438	""	0.53 	0.56 	0.03
FR-participant6_pardon_FR44	""	0.0 	0.09 	0.09
FR-participant6_pardon_FR44	"pardon"	0.09 	0.59 	0.5
FR-participant6_pardon_FR44	""	0.59 	0.620062 	0.030062
FR-participant6_pardon_FR44	""	0.0 	0.09 	0.09
FR-participant6_pardon_FR44	"p"	0.09 	0.13 	0.04
FR-participant6_pardon_FR44	"a"	0.13 	0.24 	0.11
FR-participant6_pardon_FR44	"ʁ"	0.24 	0.32 	0.08
FR-participant6_pardon_FR44	"d"	0.32 	0.43 	0.11
FR-participant6_pardon_FR44	"ɔ̃"	0.43 	0.59 	0.16
FR-participant6_pardon_FR44	""	0.59 	0.620062 	0.030062
FR-participant6_parfum_FR42	""	0.0 	0.1 	0.1
FR-participant6_parfum_FR42	"parfum"	0.1 	0.62 	0.52
FR-participant6_parfum_FR42	""	0.62 	0.650062 	0.030062
FR-participant6_parfum_FR42	""	0.0 	0.1 	0.1
FR-participant6_parfum_FR42	"p"	0.1 	0.14 	0.04
FR-participant6_parfum_FR42	"a"	0.14 	0.2 	0.06
FR-participant6_parfum_FR42	"ʁ"	0.2 	0.33 	0.13
FR-participant6_parfum_FR42	"f"	0.33 	0.48 	0.15
FR-participant6_parfum_FR42	"ɛ̃"	0.48 	0.62 	0.14
FR-participant6_parfum_FR42	""	0.62 	0.650062 	0.030062
FR-participant6_peau_FR443	""	0.0 	0.17 	0.17
FR-participant6_peau_FR443	"peau"	0.17 	0.4 	0.23
FR-participant6_peau_FR443	""	0.4 	0.430063 	0.030063
FR-participant6_peau_FR443	""	0.0 	0.17 	0.17
FR-participant6_peau_FR443	"p"	0.17 	0.22 	0.05
FR-participant6_peau_FR443	"o"	0.22 	0.4 	0.18
FR-participant6_peau_FR443	""	0.4 	0.430063 	0.030063
FR-participant6_porte_FR444	""	0.0 	0.15 	0.15
FR-participant6_porte_FR444	"porte"	0.15 	0.68 	0.53
FR-participant6_porte_FR444	""	0.68 	0.710063 	0.030063
FR-participant6_porte_FR444	""	0.0 	0.15 	0.15
FR-participant6_porte_FR444	"p"	0.15 	0.19 	0.04
FR-participant6_porte_FR444	"ɔ"	0.19 	0.3 	0.11
FR-participant6_porte_FR444	"ʁ"	0.3 	0.44 	0.14
FR-participant6_porte_FR444	"t"	0.44 	0.68 	0.24
FR-participant6_porte_FR444	""	0.68 	0.710063 	0.030063
FR-participant6_queue_FR435	"queue"	0.0 	0.27 	0.27
FR-participant6_queue_FR435	""	0.27 	0.3 	0.03
FR-participant6_queue_FR435	"k"	0.0 	0.11 	0.11
FR-participant6_queue_FR435	"ø"	0.11 	0.27 	0.16
FR-participant6_queue_FR435	""	0.27 	0.3 	0.03
FR-participant6_rideau_FR442	"rideau"	0.0 	0.5 	0.5
FR-participant6_rideau_FR442	""	0.5 	0.530062 	0.030062
FR-participant6_rideau_FR442	"ʁ"	0.0 	0.11 	0.11
FR-participant6_rideau_FR442	"i"	0.11 	0.22 	0.11
FR-participant6_rideau_FR442	"d"	0.22 	0.35 	0.13
FR-participant6_rideau_FR442	"o"	0.35 	0.5 	0.15
FR-participant6_rideau_FR442	""	0.5 	0.530062 	0.030062
FR-participant6_roule_FR441	"roule"	0.0 	0.550063 	0.550063
FR-participant6_roule_FR441	"ʁ"	0.0 	0.17 	0.17
FR-participant6_roule_FR441	"u"	0.17 	0.31 	0.14
FR-participant6_roule_FR441	"l"	0.31 	0.550063 	0.240063
FR-participant6_soeur_FR437	"soeur"	0.0 	0.57 	0.57
FR-participant6_soeur_FR437	""	0.57 	0.6 	0.03
FR-participant6_soeur_FR437	"s"	0.0 	0.22 	0.22
FR-participant6_soeur_FR437	"œ"	0.22 	0.42 	0.2
FR-participant6_soeur_FR437	"ʁ"	0.42 	0.57 	0.15
FR-participant6_soeur_FR437	""	0.57 	0.6 	0.03
FR-participant6_son_FR45	"son"	0.0 	0.26 	0.26
FR-participant6_son_FR45	""	0.26 	0.291938 	0.031938
FR-participant6_son_FR45	"s"	0.0 	0.1 	0.1
FR-participant6_son_FR45	"ɔ̃"	0.1 	0.26 	0.16
FR-participant6_son_FR45	""	0.26 	0.291938 	0.031938
FR-participant6_sort_FR445	"sort"	0.0 	0.41 	0.41
FR-participant6_sort_FR445	""	0.41 	0.486375 	0.076375
FR-participant6_sort_FR445	"s"	0.0 	0.14 	0.14
FR-participant6_sort_FR445	"ɔ"	0.14 	0.36 	0.22
FR-participant6_sort_FR445	"ʁ"	0.36 	0.41 	0.05
FR-participant6_sort_FR445	""	0.41 	0.486375 	0.076375
FR-participant6_sœt	"sœt"	0.0 	0.32 	0.32
FR-participant6_sœt	""	0.32 	0.540937 	0.220937
FR-participant6_sœt	"s"	0.0 	0.17 	0.17
FR-participant6_sœt	"œ"	0.17 	0.28 	0.11
FR-participant6_sœt	"t"	0.28 	0.32 	0.04
FR-participant6_sœt	""	0.32 	0.540937 	0.220937
FR-participant6_temps_FR47	""	0.0 	0.15 	0.15
FR-participant6_temps_FR47	"temps"	0.15 	0.370063 	0.220063
FR-participant6_temps_FR47	""	0.0 	0.15 	0.15
FR-participant6_temps_FR47	"t"	0.15 	0.21 	0.06
FR-participant6_temps_FR47	"ɑ̃"	0.21 	0.370063 	0.160063
FR-participant6_tique_FR427	"tique"	0.0 	0.38 	0.38
FR-participant6_tique_FR427	""	0.38 	0.43 	0.05
FR-participant6_tique_FR427	"t"	0.0 	0.1 	0.1
FR-participant6_tique_FR427	"i"	0.1 	0.22 	0.12
FR-participant6_tique_FR427	"k"	0.22 	0.38 	0.16
FR-participant6_tique_FR427	""	0.38 	0.43 	0.05
FR-participant6_toujours_FR440	""	0.0 	0.12 	0.12
FR-participant6_toujours_FR440	"toujours"	0.12 	0.71 	0.59
FR-participant6_toujours_FR440	""	0.71 	0.770062 	0.060062
FR-participant6_toujours_FR440	""	0.0 	0.12 	0.12
FR-participant6_toujours_FR440	"t"	0.12 	0.21 	0.09
FR-participant6_toujours_FR440	"u"	0.21 	0.29 	0.08
FR-participant6_toujours_FR440	"ʒ"	0.29 	0.41 	0.12
FR-participant6_toujours_FR440	"u"	0.41 	0.66 	0.25
FR-participant6_toujours_FR440	"ʁ"	0.66 	0.71 	0.05
FR-participant6_toujours_FR440	""	0.71 	0.770062 	0.060062
FR-participant6_tutu_FR429	""	0.0 	0.1 	0.1
FR-participant6_tutu_FR429	"tutu"	0.1 	0.6 	0.5
FR-participant6_tutu_FR429	""	0.6 	0.630062 	0.030062
FR-participant6_tutu_FR429	""	0.0 	0.1 	0.1
FR-participant6_tutu_FR429	"t"	0.1 	0.19 	0.09
FR-participant6_tutu_FR429	"y"	0.19 	0.25 	0.06
FR-participant6_tutu_FR429	"t"	0.25 	0.43 	0.18
FR-participant6_tutu_FR429	"y"	0.43 	0.6 	0.17
FR-participant6_tutu_FR429	""	0.6 	0.630062 	0.030062
FR-participant6_un_FR43	""	0.0 	0.04 	0.04
FR-participant6_un_FR43	"un"	0.04 	0.24 	0.2
FR-participant6_un_FR43	""	0.24 	0.28 	0.04
FR-participant6_un_FR43	""	0.0 	0.04 	0.04
FR-participant6_un_FR43	"ɛ̃"	0.04 	0.24 	0.2
FR-participant6_un_FR43	""	0.24 	0.28 	0.04
FR-participant6_veuve_FR436	"veuve"	0.0 	0.44 	0.44
FR-participant6_veuve_FR436	""	0.44 	0.570063 	0.130063
FR-participant6_veuve_FR436	"v"	0.0 	0.14 	0.14
FR-participant6_veuve_FR436	"œ"	0.14 	0.39 	0.25
FR-participant6_veuve_FR436	"v"	0.39 	0.44 	0.05
FR-participant6_veuve_FR436	""	0.44 	0.570063 	0.130063
FR-participant6_vin_FR447	"vin"	0.0 	0.31 	0.31
FR-participant6_vin_FR447	""	0.31 	0.34 	0.03
FR-participant6_vin_FR447	"v"	0.0 	0.15 	0.15
FR-participant6_vin_FR447	"ɛ̃"	0.15 	0.31 	0.16
FR-participant6_vin_FR447	""	0.31 	0.34 	0.03
FR-participant7_cette_FR3009	"cette"	0.0 	0.429688 	0.429688
FR-participant7_cette_FR3009	"s"	0.0 	0.2 	0.2
FR-participant7_cette_FR3009	"ɛ"	0.2 	0.28 	0.08
FR-participant7_cette_FR3009	"t"	0.28 	0.429688 	0.149688
FR-participant7_ete_FR3007	"ete"	0.0 	0.3 	0.3
FR-participant7_ete_FR3007	""	0.3 	0.44 	0.14
FR-participant7_ete_FR3007	"e"	0.0 	0.09 	0.09
FR-participant7_ete_FR3007	"t"	0.09 	0.3 	0.21
FR-participant7_ete_FR3007	"e"	0.27	0.37	0.10
FR-participant7_ete_FR3007	""	0.3 	0.44 	0.14
FR-participant7_faite_FR3010	"faite"	0.0 	0.36 	0.36
FR-participant7_faite_FR3010	""	0.36 	0.385625 	0.025625
FR-participant7_faite_FR3010	"f"	0.0 	0.12 	0.12
FR-participant7_faite_FR3010	"ɛ"	0.12 	0.21 	0.09
FR-participant7_faite_FR3010	"t"	0.21 	0.36 	0.15
FR-participant7_faite_FR3010	""	0.36 	0.385625 	0.025625
FR-participant7_femme_FR3016	"femme"	0.0 	0.28 	0.28
FR-participant7_femme_FR3016	""	0.28 	0.309312 	0.029312
FR-participant7_femme_FR3016	"f"	0.0 	0.09 	0.09
FR-participant7_femme_FR3016	"a"	0.09 	0.19 	0.1
FR-participant7_femme_FR3016	"m"	0.19 	0.28 	0.09
FR-participant7_femme_FR3016	""	0.28 	0.309312 	0.029312
FR-participant7_impair_FR3023	""	0.0 	0.03 	0.03
FR-participant7_impair_FR3023	"impair"	0.03 	0.46 	0.43
FR-participant7_impair_FR3023	""	0.46 	0.49 	0.03
FR-participant7_impair_FR3023	""	0.0 	0.03 	0.03
FR-participant7_impair_FR3023	"ɛ̃"	0.03 	0.17 	0.14
FR-participant7_impair_FR3023	"p"	0.17 	0.29 	0.12
FR-participant7_impair_FR3023	"ɛ"	0.29 	0.37 	0.08
FR-participant7_impair_FR3023	"ʁ"	0.37 	0.46 	0.09
FR-participant7_impair_FR3023	""	0.46 	0.49 	0.03
FR-participant7_journee_FR3008	"journee"	0.0 	0.52 	0.52
FR-participant7_journee_FR3008	""	0.52 	0.550063 	0.030063
FR-participant7_journee_FR3008	"ʒ"	0.0 	0.19 	0.19
FR-participant7_journee_FR3008	"u"	0.19 	0.25 	0.06
FR-participant7_journee_FR3008	"ʁ"	0.25 	0.36 	0.11
FR-participant7_journee_FR3008	"ɲ"	0.36 	0.44 	0.08
FR-participant7_journee_FR3008	"e"	0.44 	0.52 	0.08
FR-participant7_journee_FR3008	""	0.52 	0.550063 	0.030063
FR-participant7_mechant_FR3029	"mechant"	0.0 	0.45 	0.45
FR-participant7_mechant_FR3029	""	0.45 	0.48 	0.03
FR-participant7_mechant_FR3029	"e"	0.12 	0.20 	0.08
FR-participant7_mechant_FR3029	"ɑ̃"	0.34	0.40	0.06
FR-participant7_mechant_FR3029	""	0.45 	0.48 	0.03
FR-participant7_meunier_FR3011	"meunier"	0.0 	0.53 	0.53
FR-participant7_meunier_FR3011	""	0.53 	0.570063 	0.040063
FR-participant7_meunier_FR3011	"m"	0.0 	0.19 	0.19
FR-participant7_meunier_FR3011	"ø"	0.19 	0.22 	0.03
FR-participant7_meunier_FR3011	"n"	0.22 	0.35 	0.13
FR-participant7_meunier_FR3011	"j"	0.35 	0.45 	0.1
FR-participant7_meunier_FR3011	"e"	0.45 	0.53 	0.08
FR-participant7_meunier_FR3011	""	0.53 	0.570063 	0.040063
FR-participant7_papa_FR3015	""	0.0 	0.07 	0.07
FR-participant7_papa_FR3015	"papa"	0.07 	0.44 	0.37
FR-participant7_papa_FR3015	""	0.44 	0.470062 	0.030062
FR-participant7_papa_FR3015	""	0.0 	0.07 	0.07
FR-participant7_papa_FR3015	"p"	0.07 	0.12 	0.05
FR-participant7_papa_FR3015	"a"	0.12 	0.2 	0.08
FR-participant7_papa_FR3015	"p"	0.2 	0.32 	0.12
FR-participant7_papa_FR3015	"a"	0.32 	0.44 	0.12
FR-participant7_papa_FR3015	""	0.44 	0.470062 	0.030062
FR-participant7_pardon_FR3027	""	0.0 	0.08 	0.08
FR-participant7_pardon_FR3027	"pardon"	0.08 	0.42 	0.34
FR-participant7_pardon_FR3027	""	0.42 	0.450062 	0.030062
FR-participant7_pardon_FR3027	""	0.0 	0.08 	0.08
FR-participant7_pardon_FR3027	"p"	0.08 	0.13 	0.05
FR-participant7_pardon_FR3027	"a"	0.13 	0.18 	0.05
FR-participant7_pardon_FR3027	"ʁ"	0.18 	0.27 	0.09
FR-participant7_pardon_FR3027	"d"	0.27 	0.32 	0.05
FR-participant7_pardon_FR3027	"ɔ̃"	0.32 	0.42 	0.1
FR-participant7_pardon_FR3027	""	0.42 	0.450062 	0.030062
FR-participant7_parfum_FR3025	""	0.0 	0.1 	0.1
FR-participant7_parfum_FR3025	"parfum"	0.1 	0.490063 	0.390063
FR-participant7_parfum_FR3025	""	0.0 	0.1 	0.1
FR-participant7_parfum_FR3025	"p"	0.1 	0.14 	0.04
FR-participant7_parfum_FR3025	"a"	0.14 	0.18 	0.04
FR-participant7_parfum_FR3025	"ʁ"	0.18 	0.29 	0.11
FR-participant7_parfum_FR3025	"f"	0.29 	0.39 	0.1
FR-participant7_parfum_FR3025	"ɛ̃"	0.39 	0.490063 	0.100063
FR-participant7_peau_FR3020	""	0.0 	0.12 	0.12
FR-participant7_peau_FR3020	"peau"	0.12 	0.34 	0.22
FR-participant7_peau_FR3020	""	0.34 	0.370063 	0.030063
FR-participant7_peau_FR3020	""	0.0 	0.12 	0.12
FR-participant7_peau_FR3020	"p"	0.12 	0.19 	0.07
FR-participant7_peau_FR3020	"o"	0.19 	0.34 	0.15
FR-participant7_peau_FR3020	""	0.34 	0.370063 	0.030063
FR-participant7_porte_FR3021	""	0.0 	0.11 	0.11
FR-participant7_porte_FR3021	"porte"	0.11 	0.4 	0.29
FR-participant7_porte_FR3021	""	0.4 	0.430063 	0.030063
FR-participant7_porte_FR3021	""	0.0 	0.11 	0.11
FR-participant7_porte_FR3021	"p"	0.11 	0.16 	0.05
FR-participant7_porte_FR3021	"ɔ"	0.16 	0.2 	0.04
FR-participant7_porte_FR3021	"ʁ"	0.2 	0.32 	0.12
FR-participant7_porte_FR3021	"t"	0.32 	0.4 	0.08
FR-participant7_porte_FR3021	""	0.4 	0.430063 	0.030063
FR-participant7_queue_FR3012	"queue"	0.0 	0.28 	0.28
FR-participant7_queue_FR3012	""	0.28 	0.310063 	0.030063
FR-participant7_queue_FR3012	"k"	0.0 	0.11 	0.11
FR-participant7_queue_FR3012	"ø"	0.11 	0.28 	0.17
FR-participant7_queue_FR3012	""	0.28 	0.310063 	0.030063
FR-participant7_rideau_FR3019	"rideau"	0.0 	0.41 	0.41
FR-participant7_rideau_FR3019	""	0.41 	0.44 	0.03
FR-participant7_rideau_FR3019	"ʁ"	0.0 	0.09 	0.09
FR-participant7_rideau_FR3019	"i"	0.09 	0.19 	0.1
FR-participant7_rideau_FR3019	"d"	0.19 	0.3 	0.11
FR-participant7_rideau_FR3019	"o"	0.3 	0.41 	0.11
FR-participant7_rideau_FR3019	""	0.41 	0.44 	0.03
FR-participant7_roule_FR3018	"roule"	0.0 	0.333375 	0.333375
FR-participant7_roule_FR3018	"ʁ"	0.0 	0.1 	0.1
FR-participant7_roule_FR3018	"u"	0.1 	0.19 	0.09
FR-participant7_roule_FR3018	"l"	0.19 	0.333375 	0.143375
FR-participant7_soeur_FR3014	"soeur"	0.0 	0.434125 	0.434125
FR-participant7_soeur_FR3014	"s"	0.0 	0.22 	0.22
FR-participant7_soeur_FR3014	"œ"	0.22 	0.38 	0.16
FR-participant7_soeur_FR3014	"ʁ"	0.38 	0.434125 	0.054125
FR-participant7_son_FR3028	"son"	0.0 	0.28 	0.28
FR-participant7_son_FR3028	""	0.28 	0.3055 	0.0255
FR-participant7_son_FR3028	"s"	0.0 	0.14 	0.14
FR-participant7_son_FR3028	"ɔ̃"	0.14 	0.28 	0.14
FR-participant7_son_FR3028	""	0.28 	0.3055 	0.0255
FR-participant7_sort_FR3022	"sort"	0.0 	0.386125 	0.386125
FR-participant7_sort_FR3022	"s"	0.0 	0.15 	0.15
FR-participant7_sort_FR3022	"ɔ"	0.15 	0.23 	0.08
FR-participant7_sort_FR3022	"ʁ"	0.23 	0.386125 	0.156125
FR-participant7_søk	"søk"	0.0 	0.43475 	0.43475
FR-participant7_søk	"s"	0.0 	0.13 	0.13
FR-participant7_søk	"ø"	0.13 	0.23 	0.1
FR-participant7_søk	"k"	0.23 	0.43475 	0.20475
FR-participant7_sœk	"sœk"	0.0 	0.46 	0.46
FR-participant7_sœk	""	0.46 	0.490063 	0.030063
FR-participant7_sœk	"s"	0.0 	0.24 	0.24
FR-participant7_sœk	"œ"	0.24 	0.3 	0.06
FR-participant7_sœk	"k"	0.3 	0.46 	0.16
FR-participant7_sœk	""	0.46 	0.490063 	0.030063
FR-participant7_temps_FR3030	""	0.0 	0.04 	0.04
FR-participant7_temps_FR3030	"temps"	0.04 	0.24 	0.2
FR-participant7_temps_FR3030	""	0.24 	0.266125 	0.026125
FR-participant7_temps_FR3030	""	0.0 	0.04 	0.04
FR-participant7_temps_FR3030	"t"	0.04 	0.1 	0.06
FR-participant7_temps_FR3030	"ɑ̃"	0.1 	0.24 	0.14
FR-participant7_temps_FR3030	""	0.24 	0.266125 	0.026125
FR-participant7_tique_FR3004	""	0.0 	0.08 	0.08
FR-participant7_tique_FR3004	"tique"	0.08 	0.410062 	0.330062
FR-participant7_tique_FR3004	""	0.0 	0.08 	0.08
FR-participant7_tique_FR3004	"t"	0.08 	0.2 	0.12
FR-participant7_tique_FR3004	"i"	0.2 	0.32 	0.12
FR-participant7_tique_FR3004	"k"	0.32 	0.410062 	0.090062
FR-participant7_toujours_FR3017	""	0.0 	0.07 	0.07
FR-participant7_toujours_FR3017	"toujours"	0.07 	0.5 	0.43
FR-participant7_toujours_FR3017	""	0.0 	0.07 	0.07
FR-participant7_toujours_FR3017	"t"	0.07 	0.15 	0.08
FR-participant7_toujours_FR3017	"u"	0.15 	0.22 	0.07
FR-participant7_toujours_FR3017	"ʒ"	0.22 	0.35 	0.13
FR-participant7_toujours_FR3017	"u"	0.35 	0.4 	0.05
FR-participant7_toujours_FR3017	"ʁ"	0.4 	0.5 	0.1
FR-participant7_toʃ	""	0.0 	0.05 	0.05
FR-participant7_toʃ	"toʃ"	0.05 	0.383875 	0.333875
FR-participant7_toʃ	""	0.0 	0.05 	0.05
FR-participant7_toʃ	"t"	0.05 	0.1 	0.05
FR-participant7_toʃ	"o"	0.1 	0.2 	0.1
FR-participant7_toʃ	"ʃ"	0.2 	0.383875 	0.183875
FR-participant7_tutu_FR3006	"tutu"	0.0 	0.52 	0.52
FR-participant7_tutu_FR3006	""	0.52 	0.550063 	0.030063
FR-participant7_tutu_FR3006	"t"	0.0 	0.13 	0.13
FR-participant7_tutu_FR3006	"y"	0.13 	0.22 	0.09
FR-participant7_tutu_FR3006	"t"	0.22 	0.39 	0.17
FR-participant7_tutu_FR3006	"y"	0.39 	0.52 	0.13
FR-participant7_tutu_FR3006	""	0.52 	0.550063 	0.030063
FR-participant7_tɔt	"tɔt"	0.0 	0.4 	0.4
FR-participant7_tɔt	""	0.4 	0.430063 	0.030063
FR-participant7_tɔt	"t"	0.0 	0.14 	0.14
FR-participant7_tɔt	"ɔ"	0.14 	0.22 	0.08
FR-participant7_tɔt	"t"	0.22 	0.4 	0.18
FR-participant7_tɔt	""	0.4 	0.430063 	0.030063
FR-participant7_tɛʃ	""	0.0 	0.13 	0.13
FR-participant7_tɛʃ	"tɛʃ"	0.13 	0.5 	0.37
FR-participant7_tɛʃ	""	0.0 	0.13 	0.13
FR-participant7_tɛʃ	"t"	0.13 	0.19 	0.06
FR-participant7_tɛʃ	"ɛ"	0.19 	0.29 	0.1
FR-participant7_tɛʃ	"ʃ"	0.29 	0.5 	0.21
FR-participant7_un_FR3026	""	0.0 	0.04 	0.04
FR-participant7_un_FR3026	"un"	0.04 	0.22 	0.18
FR-participant7_un_FR3026	""	0.0 	0.04 	0.04
FR-participant7_un_FR3026	"ɛ̃"	0.04 	0.22 	0.18
FR-participant7_veuve_FR3013	"veuve"	0.0 	0.41 	0.41
FR-participant7_veuve_FR3013	""	0.41 	0.470062 	0.060062
FR-participant7_veuve_FR3013	"v"	0.0 	0.2 	0.2
FR-participant7_veuve_FR3013	"œ"	0.2 	0.3 	0.1
FR-participant7_veuve_FR3013	"v"	0.3 	0.41 	0.11
FR-participant7_veuve_FR3013	""	0.41 	0.470062 	0.060062
FR-participant7_vin_FR3024	"vin"	0.0 	0.28 	0.28
FR-participant7_vin_FR3024	""	0.28 	0.310063 	0.030063
FR-participant7_vin_FR3024	"v"	0.0 	0.14 	0.14
FR-participant7_vin_FR3024	"ɛ̃"	0.14 	0.28 	0.14
FR-participant7_vin_FR3024	""	0.28 	0.310063 	0.030063
FR-participant8_cette_FR4291	"cette"	0.0 	0.66 	0.66
FR-participant8_cette_FR4291	"s"	0.0 	0.25 	0.25
FR-participant8_cette_FR4291	"ɛ"	0.25 	0.43 	0.18
FR-participant8_cette_FR4291	"t"	0.43 	0.66 	0.23
FR-participant8_dɛs	"dɛs"	0.0 	0.77 	0.77
FR-participant8_dɛs	""	0.77 	0.810063 	0.040063
FR-participant8_dɛs	"d"	0.0 	0.3 	0.3
FR-participant8_dɛs	"ɛ"	0.3 	0.44 	0.14
FR-participant8_dɛs	"s"	0.44 	0.77 	0.33
FR-participant8_dɛs	""	0.77 	0.810063 	0.040063
FR-participant8_ete_FR4289	""	0.0 	0.22 	0.22
FR-participant8_ete_FR4289	"ete"	0.22 	0.45 	0.23
FR-participant8_ete_FR4289	""	0.45 	0.570063 	0.120063
FR-participant8_ete_FR4289	""	0.0 	0.22 	0.22
FR-participant8_ete_FR4289	"e"	0.0 	0.20 	0.20
FR-participant8_ete_FR4289	"t"	026 	0.52 	0.26
FR-participant8_ete_FR4289	"e"	0.26	0.52	0.26
FR-participant8_ete_FR4289	""	0.45 	0.570063 	0.120063
FR-participant8_faite_FR4292	"faite"	0.0 	0.68 	0.68
FR-participant8_faite_FR4292	""	0.68 	0.710063 	0.030063
FR-participant8_faite_FR4292	"f"	0.0 	0.25 	0.25
FR-participant8_faite_FR4292	"ɛ"	0.25 	0.43 	0.18
FR-participant8_faite_FR4292	"t"	0.43 	0.68 	0.25
FR-participant8_faite_FR4292	""	0.68 	0.710063 	0.030063
FR-participant8_femme_FR4298	""	0.0 	0.03 	0.03
FR-participant8_femme_FR4298	"femme"	0.03 	0.7 	0.67
FR-participant8_femme_FR4298	""	0.7 	0.730062 	0.030062
FR-participant8_femme_FR4298	""	0.0 	0.03 	0.03
FR-participant8_femme_FR4298	"f"	0.03 	0.24 	0.21
FR-participant8_femme_FR4298	"a"	0.24 	0.38 	0.14
FR-participant8_femme_FR4298	"m"	0.38 	0.7 	0.32
FR-participant8_femme_FR4298	""	0.7 	0.730062 	0.030062
FR-participant8_fils_FR4287	"fils"	0.0 	0.63 	0.63
FR-participant8_fils_FR4287	""	0.63 	0.66 	0.03
FR-participant8_fils_FR4287	"f"	0.0 	0.18 	0.18
FR-participant8_fils_FR4287	"i"	0.18 	0.29 	0.11
FR-participant8_fils_FR4287	"s"	0.29 	0.63 	0.34
FR-participant8_fils_FR4287	""	0.63 	0.66 	0.03
FR-participant8_impair_FR4548	""	0.0 	0.03 	0.03
FR-participant8_impair_FR4548	"impair"	0.03 	0.73 	0.7
FR-participant8_impair_FR4548	""	0.73 	0.76 	0.03
FR-participant8_impair_FR4548	""	0.0 	0.03 	0.03
FR-participant8_impair_FR4548	"ɛ̃"	0.03 	0.17 	0.14
FR-participant8_impair_FR4548	"p"	0.17 	0.26 	0.09
FR-participant8_impair_FR4548	"ɛ"	0.26 	0.54 	0.28
FR-participant8_impair_FR4548	"ʁ"	0.54 	0.73 	0.19
FR-participant8_impair_FR4548	""	0.73 	0.76 	0.03
FR-participant8_journee_FR4290	"journee"	0.0 	0.68 	0.68
FR-participant8_journee_FR4290	""	0.68 	0.750062 	0.070062
FR-participant8_journee_FR4290	"ʒ"	0.0 	0.18 	0.18
FR-participant8_journee_FR4290	"u"	0.18 	0.26 	0.08
FR-participant8_journee_FR4290	"ʁ"	0.26 	0.35 	0.09
FR-participant8_journee_FR4290	"ɲ"	0.35 	0.43 	0.08
FR-participant8_journee_FR4290	"e"	0.43 	0.68 	0.25
FR-participant8_journee_FR4290	""	0.68 	0.750062 	0.070062
FR-participant8_mechant_FR4554	""	0.0 	0.09 	0.09
FR-participant8_mechant_FR4554	"mechant"	0.09 	0.59 	0.5
FR-participant8_mechant_FR4554	""	0.59 	0.710063 	0.120063
FR-participant8_mechant_FR4554	""	0.0 	0.09 	0.09
FR-participant8_mechant_FR4554	"e"	0.19 	0.26 	0.07
FR-participant8_mechant_FR4554	"ɑ̃"	0.43	0.62	0.19
FR-participant8_mechant_FR4554	""	0.59 	0.710063 	0.120063
FR-participant8_meunier_FR4293	""	0.0 	0.04 	0.04
FR-participant8_meunier_FR4293	"meunier"	0.04 	0.76 	0.72
FR-participant8_meunier_FR4293	""	0.76 	0.84 	0.08
FR-participant8_meunier_FR4293	""	0.0 	0.04 	0.04
FR-participant8_meunier_FR4293	"m"	0.04 	0.2 	0.16
FR-participant8_meunier_FR4293	"ø"	0.2 	0.27 	0.07
FR-participant8_meunier_FR4293	"n"	0.27 	0.36 	0.09
FR-participant8_meunier_FR4293	"j"	0.36 	0.48 	0.12
FR-participant8_meunier_FR4293	"e"	0.48 	0.76 	0.28
FR-participant8_meunier_FR4293	""	0.76 	0.84 	0.08
FR-participant8_papa_FR4297	"papa"	0.0 	0.54 	0.54
FR-participant8_papa_FR4297	""	0.54 	0.58 	0.04
FR-participant8_papa_FR4297	"p"	0.0 	0.06 	0.06
FR-participant8_papa_FR4297	"a"	0.06 	0.14 	0.08
FR-participant8_papa_FR4297	"p"	0.14 	0.27 	0.13
FR-participant8_papa_FR4297	"a"	0.27 	0.54 	0.27
FR-participant8_papa_FR4297	""	0.54 	0.58 	0.04
FR-participant8_pardon_FR4552	""	0.0 	0.03 	0.03
FR-participant8_pardon_FR4552	"pardon"	0.03 	0.52 	0.49
FR-participant8_pardon_FR4552	""	0.52 	0.56 	0.04
FR-participant8_pardon_FR4552	""	0.0 	0.03 	0.03
FR-participant8_pardon_FR4552	"p"	0.03 	0.07 	0.04
FR-participant8_pardon_FR4552	"a"	0.07 	0.16 	0.09
FR-participant8_pardon_FR4552	"ʁ"	0.16 	0.24 	0.08
FR-participant8_pardon_FR4552	"d"	0.24 	0.31 	0.07
FR-participant8_pardon_FR4552	"ɔ̃"	0.31 	0.52 	0.21
FR-participant8_pardon_FR4552	""	0.52 	0.56 	0.04
FR-participant8_parfum_FR4550	""	0.0 	0.03 	0.03
FR-participant8_parfum_FR4550	"parfum"	0.03 	0.53 	0.5
FR-participant8_parfum_FR4550	""	0.53 	0.56 	0.03
FR-participant8_parfum_FR4550	""	0.0 	0.03 	0.03
FR-participant8_parfum_FR4550	"p"	0.03 	0.07 	0.04
FR-participant8_parfum_FR4550	"a"	0.07 	0.1 	0.03
FR-participant8_parfum_FR4550	"ʁ"	0.1 	0.21 	0.11
FR-participant8_parfum_FR4550	"f"	0.21 	0.31 	0.1
FR-participant8_parfum_FR4550	"ɛ̃"	0.31 	0.53 	0.22
FR-participant8_parfum_FR4550	""	0.53 	0.56 	0.03
FR-participant8_peau_FR4545	"peau"	0.0 	0.44 	0.44
FR-participant8_peau_FR4545	""	0.44 	0.470062 	0.030062
FR-participant8_peau_FR4545	"p"	0.0 	0.06 	0.06
FR-participant8_peau_FR4545	"o"	0.06 	0.44 	0.38
FR-participant8_peau_FR4545	""	0.44 	0.470062 	0.030062
FR-participant8_porte_FR4546	"porte"	0.0 	0.48 	0.48
FR-participant8_porte_FR4546	""	0.48 	0.510062 	0.030062
FR-participant8_porte_FR4546	"p"	0.0 	0.05 	0.05
FR-participant8_porte_FR4546	"ɔ"	0.05 	0.15 	0.1
FR-participant8_porte_FR4546	"ʁ"	0.15 	0.34 	0.19
FR-participant8_porte_FR4546	"t"	0.34 	0.48 	0.14
FR-participant8_porte_FR4546	""	0.48 	0.510062 	0.030062
FR-participant8_queue_FR4294	"queue"	0.0 	0.35 	0.35
FR-participant8_queue_FR4294	""	0.35 	0.410062 	0.060062
FR-participant8_queue_FR4294	"k"	0.0 	0.08 	0.08
FR-participant8_queue_FR4294	"ø"	0.08 	0.35 	0.27
FR-participant8_queue_FR4294	""	0.35 	0.410062 	0.060062
FR-participant8_rideau_FR4544	"rideau"	0.0 	0.69 	0.69
FR-participant8_rideau_FR4544	""	0.69 	0.72 	0.03
FR-participant8_rideau_FR4544	"ʁ"	0.0 	0.23 	0.23
FR-participant8_rideau_FR4544	"i"	0.23 	0.36 	0.13
FR-participant8_rideau_FR4544	"d"	0.36 	0.42 	0.06
FR-participant8_rideau_FR4544	"o"	0.42 	0.69 	0.27
FR-participant8_rideau_FR4544	""	0.69 	0.72 	0.03
FR-participant8_roule_FR4543	""	0.0 	0.03 	0.03
FR-participant8_roule_FR4543	"roule"	0.03 	0.67 	0.64
FR-participant8_roule_FR4543	""	0.67 	0.72 	0.05
FR-participant8_roule_FR4543	""	0.0 	0.03 	0.03
FR-participant8_roule_FR4543	"ʁ"	0.03 	0.24 	0.21
FR-participant8_roule_FR4543	"u"	0.24 	0.37 	0.13
FR-participant8_roule_FR4543	"l"	0.37 	0.67 	0.3
FR-participant8_roule_FR4543	""	0.67 	0.72 	0.05
FR-participant8_soeur_FR4296	""	0.0 	0.03 	0.03
FR-participant8_soeur_FR4296	"soeur"	0.03 	0.73 	0.7
FR-participant8_soeur_FR4296	""	0.73 	0.770062 	0.040062
FR-participant8_soeur_FR4296	""	0.0 	0.03 	0.03
FR-participant8_soeur_FR4296	"s"	0.03 	0.28 	0.25
FR-participant8_soeur_FR4296	"œ"	0.28 	0.54 	0.26
FR-participant8_soeur_FR4296	"ʁ"	0.54 	0.73 	0.19
FR-participant8_soeur_FR4296	""	0.73 	0.770062 	0.040062
FR-participant8_son_FR4553	""	0.0 	0.03 	0.03
FR-participant8_son_FR4553	"son"	0.03 	0.55 	0.52
FR-participant8_son_FR4553	""	0.55 	0.58 	0.03
FR-participant8_son_FR4553	""	0.0 	0.03 	0.03
FR-participant8_son_FR4553	"s"	0.03 	0.29 	0.26
FR-participant8_son_FR4553	"ɔ̃"	0.29 	0.55 	0.26
FR-participant8_son_FR4553	""	0.55 	0.58 	0.03
FR-participant8_sort_FR4547	""	0.0 	0.03 	0.03
FR-participant8_sort_FR4547	"sort"	0.03 	0.62 	0.59
FR-participant8_sort_FR4547	""	0.62 	0.650062 	0.030062
FR-participant8_sort_FR4547	""	0.0 	0.03 	0.03
FR-participant8_sort_FR4547	"s"	0.03 	0.24 	0.21
FR-participant8_sort_FR4547	"ɔ"	0.24 	0.36 	0.12
FR-participant8_sort_FR4547	"ʁ"	0.36 	0.62 	0.26
FR-participant8_sort_FR4547	""	0.62 	0.650062 	0.030062
FR-participant8_temps_FR4555	"temps"	0.0 	0.41 	0.41
FR-participant8_temps_FR4555	""	0.41 	0.450062 	0.040062
FR-participant8_temps_FR4555	"t"	0.0 	0.06 	0.06
FR-participant8_temps_FR4555	"ɑ̃"	0.06 	0.41 	0.35
FR-participant8_temps_FR4555	""	0.41 	0.450062 	0.040062
FR-participant8_tique_FR4286	"tique"	0.0 	0.41 	0.41
FR-participant8_tique_FR4286	""	0.41 	0.44 	0.03
FR-participant8_tique_FR4286	"t"	0.0 	0.09 	0.09
FR-participant8_tique_FR4286	"i"	0.09 	0.23 	0.14
FR-participant8_tique_FR4286	"k"	0.23 	0.41 	0.18
FR-participant8_tique_FR4286	""	0.41 	0.44 	0.03
FR-participant8_tot	"tot"	0.0 	0.41 	0.41
FR-participant8_tot	""	0.41 	0.46 	0.05
FR-participant8_tot	"t"	0.0 	0.07 	0.07
FR-participant8_tot	"o"	0.07 	0.17 	0.1
FR-participant8_tot	"t"	0.17 	0.41 	0.24
FR-participant8_tot	""	0.41 	0.46 	0.05
FR-participant8_toujours_FR4299	"toujours"	0.0 	0.84 	0.84
FR-participant8_toujours_FR4299	"t"	0.0 	0.08 	0.08
FR-participant8_toujours_FR4299	"u"	0.08 	0.17 	0.09
FR-participant8_toujours_FR4299	"ʒ"	0.17 	0.3 	0.13
FR-participant8_toujours_FR4299	"u"	0.3 	0.58 	0.28
FR-participant8_toujours_FR4299	"ʁ"	0.58 	0.84 	0.26
FR-participant8_tutu_FR4288	""	0.0 	0.03 	0.03
FR-participant8_tutu_FR4288	"tutu"	0.03 	0.63 	0.6
FR-participant8_tutu_FR4288	""	0.63 	0.66 	0.03
FR-participant8_tutu_FR4288	""	0.0 	0.03 	0.03
FR-participant8_tutu_FR4288	"t"	0.03 	0.09 	0.06
FR-participant8_tutu_FR4288	"y"	0.09 	0.24 	0.15
FR-participant8_tutu_FR4288	"t"	0.24 	0.33 	0.09
FR-participant8_tutu_FR4288	"y"	0.33 	0.63 	0.3
FR-participant8_tutu_FR4288	""	0.63 	0.66 	0.03
FR-participant8_un_FR4551	""	0.0 	0.03 	0.03
FR-participant8_un_FR4551	"un"	0.03 	0.32 	0.29
FR-participant8_un_FR4551	""	0.0 	0.03 	0.03
FR-participant8_un_FR4551	"ɛ̃"	0.03 	0.32 	0.29
FR-participant8_veuve_FR4295	""	0.0 	0.05 	0.05
FR-participant8_veuve_FR4295	"veuve"	0.05 	0.75 	0.7
FR-participant8_veuve_FR4295	""	0.75 	0.78 	0.03
FR-participant8_veuve_FR4295	""	0.0 	0.05 	0.05
FR-participant8_veuve_FR4295	"v"	0.05 	0.26 	0.21
FR-participant8_veuve_FR4295	"œ"	0.26 	0.55 	0.29
FR-participant8_veuve_FR4295	"v"	0.55 	0.75 	0.2
FR-participant8_veuve_FR4295	""	0.75 	0.78 	0.03
FR-participant8_vin_FR4549	""	0.0 	0.03 	0.03
FR-participant8_vin_FR4549	"vin"	0.03 	0.450062 	0.420062
FR-participant8_vin_FR4549	""	0.0 	0.03 	0.03
FR-participant8_vin_FR4549	"v"	0.03 	0.21 	0.18
FR-participant8_vin_FR4549	"ɛ̃"	0.21 	0.450062 	0.240062
FR-participant9_cachette	""	0.0 	0.2 	0.2
FR-participant9_cachette	"cachette"	0.2 	0.93 	0.73
FR-participant9_cachette	""	0.93 	1.192937 	0.262937
FR-participant9_cachette	""	0.0 	0.2 	0.2
FR-participant9_cachette	"k"	0.2 	0.26 	0.06
FR-participant9_cachette	"a"	0.26 	0.38 	0.12
FR-participant9_cachette	"ʃ"	0.38 	0.58 	0.2
FR-participant9_cachette	"ɛ"	0.58 	0.72 	0.14
FR-participant9_cachette	"t"	0.72 	0.93 	0.21
FR-participant9_cachette	""	0.93 	1.192937 	0.262937
FR-participant9_cette	""	0.0 	0.16 	0.16
FR-participant9_cette	"cette"	0.16 	0.76 	0.6
FR-participant9_cette	""	0.76 	0.986437 	0.226437
FR-participant9_cette	""	0.0 	0.16 	0.16
FR-participant9_cette	"s"	0.16 	0.35 	0.19
FR-participant9_cette	"ɛ"	0.35 	0.5 	0.15
FR-participant9_cette	"t"	0.5 	0.76 	0.26
FR-participant9_cette	""	0.76 	0.986437 	0.226437
FR-participant9_ete	""	0.0 	0.22 	0.22
FR-participant9_ete	"ete"	0.22 	0.49 	0.27
FR-participant9_ete	""	0.49 	0.887 	0.397
FR-participant9_ete	""	0.0 	0.22 	0.22
FR-participant9_ete	"e"	0.23 	0.33 	0.1
FR-participant9_ete	"t"	0.32 	0.49 	0.17
FR-participant9_ete	"e"	0.48	0.58	0.1
FR-participant9_ete	""	0.49 	0.887 	0.397
FR-participant9_faite	""	0.0 	0.12 	0.12
FR-participant9_faite	"faite"	0.12 	0.75 	0.63
FR-participant9_faite	""	0.75 	0.940562 	0.190562
FR-participant9_faite	""	0.0 	0.12 	0.12
FR-participant9_faite	"f"	0.12 	0.35 	0.23
FR-participant9_faite	"ɛ"	0.35 	0.51 	0.16
FR-participant9_faite	"t"	0.51 	0.75 	0.24
FR-participant9_faite	""	0.75 	0.940562 	0.190562
FR-participant9_femme	""	0.0 	0.15 	0.15
FR-participant9_femme	"femme"	0.15 	0.75 	0.6
FR-participant9_femme	""	0.75 	1.085813 	0.335813
FR-participant9_femme	""	0.0 	0.15 	0.15
FR-participant9_femme	"f"	0.15 	0.4 	0.25
FR-participant9_femme	"a"	0.4 	0.54 	0.14
FR-participant9_femme	"m"	0.54 	0.75 	0.21
FR-participant9_femme	""	0.75 	1.085813 	0.335813
FR-participant9_fils	""	0.0 	0.16 	0.16
FR-participant9_fils	"fils"	0.16 	0.86 	0.7
FR-participant9_fils	""	0.86 	1.062875 	0.202875
FR-participant9_fils	""	0.0 	0.16 	0.16
FR-participant9_fils	"f"	0.16 	0.29 	0.13
FR-participant9_fils	"i"	0.29 	0.42 	0.13
FR-participant9_fils	"s"	0.42 	0.86 	0.44
FR-participant9_fils	""	0.86 	1.062875 	0.202875
FR-participant9_impair	""	0.0 	0.03 	0.03
FR-participant9_impair	"impair"	0.03 	0.65 	0.62
FR-participant9_impair	""	0.65 	0.79525 	0.14525
FR-participant9_impair	""	0.0 	0.03 	0.03
FR-participant9_impair	"ɛ̃"	0.03 	0.15 	0.12
FR-participant9_impair	"p"	0.15 	0.29 	0.14
FR-participant9_impair	"ɛ"	0.29 	0.49 	0.2
FR-participant9_impair	"ʁ"	0.49 	0.65 	0.16
FR-participant9_impair	""	0.65 	0.79525 	0.14525
FR-participant9_journee	""	0.0 	0.19 	0.19
FR-participant9_journee	"journee"	0.19 	0.72 	0.53
FR-participant9_journee	""	0.72 	1.124062 	0.404062
FR-participant9_journee	""	0.0 	0.19 	0.19
FR-participant9_journee	"ʒ"	0.19 	0.3 	0.11
FR-participant9_journee	"u"	0.3 	0.38 	0.08
FR-participant9_journee	"ʁ"	0.38 	0.47 	0.09
FR-participant9_journee	"ɲ"	0.47 	0.55 	0.08
FR-participant9_journee	"e"	0.55 	0.72 	0.17
FR-participant9_journee	""	0.72 	1.124062 	0.404062
FR-participant9_lettre	""	0.0 	0.21 	0.21
FR-participant9_lettre	"lettre"	0.21 	0.83 	0.62
FR-participant9_lettre	""	0.83 	1.017062 	0.187062
FR-participant9_lettre	""	0.0 	0.21 	0.21
FR-participant9_lettre	"l"	0.21 	0.33 	0.12
FR-participant9_lettre	"ɛ"	0.33 	0.46 	0.13
FR-participant9_lettre	"t"	0.46 	0.6 	0.14
FR-participant9_lettre	"ʁ"	0.6 	0.83 	0.23
FR-participant9_lettre	""	0.83 	1.017062 	0.187062
FR-participant9_mechant	""	0.0 	0.15 	0.15
FR-participant9_mechant	"mechant"	0.15 	0.68 	0.53
FR-participant9_mechant	""	0.68 	1.0935 	0.4135
FR-participant9_mechant	""	0.0 	0.15 	0.15
FR-participant9_mechant	"e"	0.21 	0.30 	0.09
FR-participant9_mechant	"ɑ̃"	0.48	0.73	0.25
FR-participant9_mechant	""	0.68 	1.0935 	0.4135
FR-participant9_meunier	""	0.0 	0.14 	0.14
FR-participant9_meunier	"meunier"	0.14 	0.77 	0.63
FR-participant9_meunier	""	0.77 	1.169938 	0.399938
FR-participant9_meunier	""	0.0 	0.14 	0.14
FR-participant9_meunier	"m"	0.14 	0.25 	0.11
FR-participant9_meunier	"ø"	0.25 	0.33 	0.08
FR-participant9_meunier	"n"	0.33 	0.43 	0.1
FR-participant9_meunier	"j"	0.43 	0.54 	0.11
FR-participant9_meunier	"e"	0.54 	0.77 	0.23
FR-participant9_meunier	""	0.77 	1.169938 	0.399938
FR-participant9_papa	""	0.0 	0.19 	0.19
FR-participant9_papa	"papa"	0.19 	0.75 	0.56
FR-participant9_papa	""	0.75 	0.971125 	0.221125
FR-participant9_papa	""	0.0 	0.19 	0.19
FR-participant9_papa	"p"	0.19 	0.23 	0.04
FR-participant9_papa	"a"	0.23 	0.31 	0.08
FR-participant9_papa	"p"	0.31 	0.45 	0.14
FR-participant9_papa	"a"	0.45 	0.75 	0.3
FR-participant9_papa	""	0.75 	0.971125 	0.221125
FR-participant9_pardon	""	0.0 	0.12 	0.12
FR-participant9_pardon	"pardon"	0.12 	0.64 	0.52
FR-participant9_pardon	""	0.64 	0.92525 	0.28525
FR-participant9_pardon	""	0.0 	0.12 	0.12
FR-participant9_pardon	"p"	0.12 	0.17 	0.05
FR-participant9_pardon	"a"	0.17 	0.22 	0.05
FR-participant9_pardon	"ʁ"	0.22 	0.34 	0.12
FR-participant9_pardon	"d"	0.34 	0.44 	0.1
FR-participant9_pardon	"ɔ̃"	0.44 	0.64 	0.2
FR-participant9_pardon	""	0.64 	0.92525 	0.28525
FR-participant9_peau	""	0.0 	0.14 	0.14
FR-participant9_peau	"peau"	0.14 	0.45 	0.31
FR-participant9_peau	""	0.45 	0.642375 	0.192375
FR-participant9_peau	""	0.0 	0.14 	0.14
FR-participant9_peau	"p"	0.14 	0.18 	0.04
FR-participant9_peau	"o"	0.18 	0.45 	0.27
FR-participant9_peau	""	0.45 	0.642375 	0.192375
FR-participant9_porte	""	0.0 	0.12 	0.12
FR-participant9_porte	"porte"	0.12 	0.6 	0.48
FR-participant9_porte	""	0.6 	0.680562 	0.080562
FR-participant9_porte	""	0.0 	0.12 	0.12
FR-participant9_porte	"p"	0.12 	0.16 	0.04
FR-participant9_porte	"ɔ"	0.16 	0.28 	0.12
FR-participant9_porte	"ʁ"	0.28 	0.47 	0.19
FR-participant9_porte	"t"	0.47 	0.6 	0.13
FR-participant9_porte	""	0.6 	0.680562 	0.080562
FR-participant9_queue	""	0.0 	0.12 	0.12
FR-participant9_queue	"queue"	0.12 	0.43 	0.31
FR-participant9_queue	""	0.43 	0.68825 	0.25825
FR-participant9_queue	""	0.0 	0.12 	0.12
FR-participant9_queue	"k"	0.12 	0.19 	0.07
FR-participant9_queue	"ø"	0.19 	0.43 	0.24
FR-participant9_queue	""	0.43 	0.68825 	0.25825
FR-participant9_rideau	""	0.0 	0.13 	0.13
FR-participant9_rideau	"rideau"	0.13 	0.8 	0.67
FR-participant9_rideau	""	0.8 	1.062875 	0.262875
FR-participant9_rideau	""	0.0 	0.13 	0.13
FR-participant9_rideau	"ʁ"	0.13 	0.27 	0.14
FR-participant9_rideau	"i"	0.27 	0.41 	0.14
FR-participant9_rideau	"d"	0.41 	0.52 	0.11
FR-participant9_rideau	"o"	0.52 	0.8 	0.28
FR-participant9_rideau	""	0.8 	1.062875 	0.262875
FR-participant9_roule	""	0.0 	0.1 	0.1
FR-participant9_roule	"roule"	0.1 	0.55 	0.45
FR-participant9_roule	""	0.55 	0.887 	0.337
FR-participant9_roule	""	0.0 	0.1 	0.1
FR-participant9_roule	"ʁ"	0.1 	0.14 	0.04
FR-participant9_roule	"u"	0.14 	0.37 	0.23
FR-participant9_roule	"l"	0.37 	0.55 	0.18
FR-participant9_roule	""	0.55 	0.887 	0.337
FR-participant9_rue	""	0.0 	0.13 	0.13
FR-participant9_rue	"rue"	0.13 	0.49 	0.36
FR-participant9_rue	""	0.49 	0.948187 	0.458187
FR-participant9_rue	""	0.0 	0.13 	0.13
FR-participant9_rue	"ʁ"	0.13 	0.33 	0.2
FR-participant9_rue	"y"	0.33 	0.49 	0.16
FR-participant9_rue	""	0.49 	0.948187 	0.458187
FR-participant9_soeur	""	0.0 	0.11 	0.11
FR-participant9_soeur	"soeur"	0.11 	0.74 	0.63
FR-participant9_soeur	""	0.74 	0.986437 	0.246437
FR-participant9_soeur	""	0.0 	0.11 	0.11
FR-participant9_soeur	"s"	0.11 	0.39 	0.28
FR-participant9_soeur	"œ"	0.39 	0.6 	0.21
FR-participant9_soeur	"ʁ"	0.6 	0.74 	0.14
FR-participant9_soeur	""	0.74 	0.986437 	0.246437
FR-participant9_son	""	0.0 	0.1 	0.1
FR-participant9_son	"son"	0.1 	0.53 	0.43
FR-participant9_son	""	0.53 	0.818187 	0.288187
FR-participant9_son	""	0.0 	0.1 	0.1
FR-participant9_son	"s"	0.1 	0.32 	0.22
FR-participant9_son	"ɔ̃"	0.32 	0.53 	0.21
FR-participant9_son	""	0.53 	0.818187 	0.288187
FR-participant9_sort	""	0.0 	0.07 	0.07
FR-participant9_sort	"sort"	0.07 	0.64 	0.57
FR-participant9_sort	""	0.64 	0.810562 	0.170562
FR-participant9_sort	""	0.0 	0.07 	0.07
FR-participant9_sort	"s"	0.07 	0.26 	0.19
FR-participant9_sort	"ɔ"	0.26 	0.47 	0.21
FR-participant9_sort	"ʁ"	0.47 	0.64 	0.17
FR-participant9_sort	""	0.64 	0.810562 	0.170562
FR-participant9_temps	""	0.0 	0.18 	0.18
FR-participant9_temps	"temps"	0.18 	0.44 	0.26
FR-participant9_temps	""	0.44 	0.627062 	0.187062
FR-participant9_temps	""	0.0 	0.18 	0.18
FR-participant9_temps	"t"	0.18 	0.24 	0.06
FR-participant9_temps	"ɑ̃"	0.24 	0.44 	0.2
FR-participant9_temps	""	0.44 	0.627062 	0.187062
FR-participant9_tique	""	0.0 	0.19 	0.19
FR-participant9_tique	"tique"	0.19 	0.64 	0.45
FR-participant9_tique	""	0.64 	0.87175 	0.23175
FR-participant9_tique	""	0.0 	0.19 	0.19
FR-participant9_tique	"t"	0.19 	0.26 	0.07
FR-participant9_tique	"i"	0.26 	0.37 	0.11
FR-participant9_tique	"k"	0.37 	0.64 	0.27
FR-participant9_tique	""	0.64 	0.87175 	0.23175
FR-participant9_toujours	""	0.0 	0.1 	0.1
FR-participant9_toujours	"toujours"	0.1 	0.73 	0.63
FR-participant9_toujours	""	0.73 	0.955875 	0.225875
FR-participant9_toujours	""	0.0 	0.1 	0.1
FR-participant9_toujours	"t"	0.1 	0.16 	0.06
FR-participant9_toujours	"u"	0.16 	0.27 	0.11
FR-participant9_toujours	"ʒ"	0.27 	0.36 	0.09
FR-participant9_toujours	"u"	0.36 	0.62 	0.26
FR-participant9_toujours	"ʁ"	0.62 	0.73 	0.11
FR-participant9_toujours	""	0.73 	0.955875 	0.225875
FR-participant9_tutu	""	0.0 	0.12 	0.12
FR-participant9_tutu	"tutu"	0.12 	0.59 	0.47
FR-participant9_tutu	""	0.59 	0.909937 	0.319937
FR-participant9_tutu	""	0.0 	0.12 	0.12
FR-participant9_tutu	"t"	0.12 	0.19 	0.07
FR-participant9_tutu	"y"	0.19 	0.3 	0.11
FR-participant9_tutu	"t"	0.3 	0.4 	0.1
FR-participant9_tutu	"y"	0.4 	0.59 	0.19
FR-participant9_tutu	""	0.59 	0.909937 	0.319937
FR-participant9_veuve	""	0.0 	0.1 	0.1
FR-participant9_veuve	"veuve"	0.1 	0.59 	0.49
FR-participant9_veuve	""	0.59 	0.971125 	0.381125
FR-participant9_veuve	""	0.0 	0.1 	0.1
FR-participant9_veuve	"v"	0.1 	0.25 	0.15
FR-participant9_veuve	"œ"	0.25 	0.45 	0.2
FR-participant9_veuve	"v"	0.45 	0.59 	0.14
FR-participant9_veuve	""	0.59 	0.971125 	0.381125
FR-participant9_vin	""	0.0 	0.1 	0.1
FR-participant9_vin	"vin"	0.1 	0.49 	0.39
FR-participant9_vin	""	0.49 	0.757062 	0.267062
FR-participant9_vin	""	0.0 	0.1 	0.1
FR-participant9_vin	"v"	0.1 	0.24 	0.14
FR-participant9_vin	"ɛ̃"	0.24 	0.49 	0.25
FR-participant9_vin	""	0.49 	0.757062 	0.267062
